country_name,country_code,country_number,1950,1951,1952,1953,1954,1955,1956,1957,1958,1959,1960,1961,1962,1963,1964,1965,1966,1967,1968,1969,1970,1971,1972,1973,1974,1975,1976,1977,1978,1979,1980,1981,1982,1983,1984,1985,1986,1987,1988,1989,1990,1991,1992,1993,1994,1995,1996,1997,1998,1999,2000,2001,2002,2003,2004,2005,2006,2007,2008,2009,2010,2011,2012,2013,2014,2015
Afghanistan,AFG,4,11.9,12,12.2,12.3,12.5,12.7,12.9,13.1,13.3,13.5,13.8,14,14.3,14.6,14.9,15.2,15.6,15.9,16.2,16.6,17,17.5,18,18.4,18.9,19.3,19.7,20,20.3,20.4,20.3,20,19.5,19,18.5,18,17.8,17.6,17.7,18,18.8,19.9,21.4,23.1,24.8,26.2,27.3,28.2,28.9,29.7,30.8,32.1,33.7,35.3,36.9,38.4,39.7,40.8,41.8,42.9,44.1,45.5,47,48.6,50.2,51.7
Albania,ALB,8,46.1,47,48,49.2,50.5,51.8,53.3,54.7,56.3,58,59.7,61.5,63.4,65.3,67.3,69.2,71.1,72.9,74.8,76.6,78.5,80.4,82.3,84.2,86.1,88,89.9,91.9,93.9,95.8,97.9,99.8,101.8,103.7,105.9,108.3,111,113.9,116.7,118.7,119.8,119.5,118.3,116.4,114.6,113.4,112.9,112.9,113.3,113.7,113.9,114,113.8,113.5,113.1,112.4,111.5,110.4,109.2,108.1,107.3,106.8,106.6,106.5,106.6,106.7
Algeria,DZA,12,3.7,3.8,3.9,3.9,4,4.1,4.2,4.3,4.4,4.6,4.7,4.8,4.9,5,5.2,5.3,5.4,5.6,5.8,5.9,6.1,6.3,6.5,6.6,6.8,7,7.2,7.4,7.6,7.9,8.1,8.4,8.6,8.9,9.2,9.5,9.8,10,10.3,10.6,10.9,11.1,11.4,11.7,11.9,12.1,12.3,12.5,12.7,12.9,13.1,13.3,13.4,13.6,13.8,14,14.2,14.4,14.6,14.9,15.2,15.5,15.8,16.1,16.4,16.7
American Samoa,ASM,16,94.7,96.5,97.7,98.4,98.6,98.5,98.3,98,98,98.7,100.1,102.4,105.6,109.4,113.5,117.6,121.6,125.6,129.4,133.1,136.5,139.6,142.5,145.1,147.4,149.7,151.6,153.4,155.5,158.4,162.3,167.5,173.7,180.8,188.4,196.2,204.2,212.3,220.2,228,235.2,241.9,248,253.6,259,264.3,269.6,274.7,279.5,283.9,287.6,290.9,293.7,295.6,296.3,295.6,293.3,289.5,285.2,281.1,278.2,276.6,276.2,276.5,277.2,277.7
Andorra,AND,20,13.2,14.2,15.4,16.7,18.1,19.6,21.3,22.9,24.7,26.6,28.5,30.6,32.7,34.9,37.2,39.5,41.8,44.2,46.6,49.1,51.7,54.4,57.2,60.1,62.8,65.3,67.6,69.7,71.8,74.1,76.7,79.8,83.2,87,90.9,94.9,99,103.1,107.3,111.6,116,120.6,125.3,129.7,133.4,135.9,136.9,136.9,136.5,137,139.1,143.3,149,155.7,162.2,167.8,172.3,175.9,178.4,179.7,179.7,178.2,175.4,171.9,168.6,166
Angola,AGO,24,3.6,3.7,3.8,3.9,4,4.1,4.2,4.3,4.4,4.4,4.5,4.6,4.7,4.8,4.9,5,5.1,5.1,5.2,5.3,5.4,5.6,5.7,5.8,6,6.2,6.3,6.5,6.7,6.9,7.2,7.4,7.7,8,8.2,8.5,8.8,9,9.2,9.5,9.8,10.1,10.4,10.8,11.1,11.4,11.8,12.1,12.4,12.8,13.2,13.6,14.1,14.6,15.1,15.7,16.3,16.8,17.5,18.1,18.7,19.4,20.1,20.9,21.6,22.3
Anguilla,AIA,660,56.9,58.8,60.5,61.7,62.7,63.3,63.7,64.2,64.5,64.8,65.2,65.5,66.1,66.6,67.3,68,68.5,69.2,69.8,70.5,71.1,71.7,72.2,72.8,73.3,73.7,74,74.3,74.5,74.6,74.5,73.9,73.2,72.7,72.8,74,76.4,79.9,84.2,88.5,92.6,96.3,99.8,103,106,108.9,111.8,114.5,117.2,119.9,123,126.4,129.9,133.6,137.1,140.4,143.4,146.1,148.4,150.7,153,155,157,158.9,160.7,162.3
Antigua and Barbuda,ATG,28,105.2,109.9,113.6,116.5,118.7,120.2,121.4,122.4,123.3,124.4,125.8,127.6,129.9,132.5,135.3,138.1,141,144,146.9,149.8,152.5,155,157.2,159.2,161.1,162.7,164.3,165.6,166.6,167.1,166.9,166.1,164.7,162.8,160.7,158.6,156.4,154.2,152.4,151.4,151.6,153,155.5,159,163,167.3,171.9,176.7,181.5,186,190,193.3,196.1,198.4,200.6,202.8,205.2,207.7,210.2,212.7,215.1,217.5,219.9,222.3,224.7,227.1
Argentina,ARG,32,6.3,6.4,6.5,6.7,6.8,6.9,7,7.2,7.3,7.4,7.5,7.7,7.8,7.9,8,8.1,8.3,8.4,8.5,8.6,8.8,8.9,9.1,9.2,9.4,9.5,9.7,9.8,10,10.1,10.3,10.4,10.6,10.8,10.9,11.1,11.3,11.4,11.6,11.8,12,12.1,12.3,12.5,12.6,12.8,12.9,13.1,13.2,13.4,13.5,13.7,13.8,14,14.2,14.3,14.5,14.6,14.8,14.9,15.1,15.2,15.4,15.5,15.7,15.9
Armenia,ARM,51,47.5,48.5,49.8,51.3,53,54.9,56.9,59,61.2,63.5,65.8,68.2,70.6,73,75.3,77.7,79.9,82.2,84.3,86.5,88.7,90.9,93.1,95.3,97.4,99.5,101.5,103.4,105.3,107.1,108.9,110.6,112.2,113.8,115.4,117.2,119.2,121.2,123.1,124.2,124.3,123.1,120.9,118.1,115.3,113,111.3,110,109.2,108.5,107.8,107.2,106.6,106,105.4,104.7,103.9,103,102.2,101.5,101.1,101,101.2,101.6,102.1,102.5
Aruba,ABW,533,211.5,212.6,216.5,223,232,242.9,255.2,268,280.5,291.8,301.2,308,312.4,315,316.8,318.7,320.6,322.5,324.4,326.3,328.1,330.2,332.4,334.7,336.3,337,336.6,335.4,333.9,333.2,333.9,336.5,340.8,345.6,349.1,350.1,348,343.5,339.3,339.1,345.3,359,379.1,402.8,426.1,446.2,462.2,474.7,484.9,494.5,504.7,516.1,527.7,539,548.5,555.7,560.2,562.3,563.1,563.6,564.8,567,569.9,573.3,576.6,579.7
Australia,AUS,36,1.1,1.1,1.1,1.1,1.2,1.2,1.2,1.3,1.3,1.3,1.3,1.4,1.4,1.4,1.4,1.5,1.5,1.6,1.6,1.6,1.7,1.7,1.7,1.8,1.8,1.8,1.8,1.8,1.9,1.9,1.9,1.9,2,2,2,2,2.1,2.1,2.2,2.2,2.2,2.2,2.3,2.3,2.3,2.4,2.4,2.4,2.4,2.5,2.5,2.5,2.5,2.6,2.6,2.6,2.7,2.7,2.8,2.8,2.9,2.9,3,3,3.1,3.1
Austria,AUT,40,84.2,84.1,84.1,84.2,84.2,84.4,84.5,84.8,85,85.4,85.8,86.3,86.8,87.4,88,88.6,89.2,89.8,90.3,90.8,91.2,91.6,92,92.3,92.5,92.7,92.7,92.7,92.6,92.4,92.3,92.3,92.2,92.3,92.3,92.4,92.5,92.7,92.9,93.3,93.7,94.3,95,95.8,96.4,97,97.3,97.5,97.6,97.7,97.9,98.3,98.7,99.2,99.7,100.2,100.5,100.9,101.2,101.6,102.1,102.7,103.4,104.1,104.8,105.3
Azerbaijan,AZE,31,35.4,36.1,37,38,39.1,40.3,41.5,42.8,44.1,45.6,47.1,48.8,50.5,52.2,53.9,55.6,57.1,58.6,60,61.4,62.7,63.9,65.2,66.3,67.5,68.6,69.8,70.9,72.1,73.2,74.4,75.6,76.8,78.1,79.3,80.7,82,83.4,84.8,86.2,87.6,89,90.4,91.7,93,94.1,95,95.9,96.7,97.4,98.3,99.2,100.1,101.2,102.2,103.3,104.4,105.5,106.7,108,109.3,110.7,112.1,113.5,115,116.4
Bahamas,BHS,44,7.9,8,8.1,8.3,8.6,8.9,9.2,9.6,10,10.4,10.9,11.5,12.1,12.7,13.4,14,14.6,15.2,15.8,16.4,16.9,17.4,17.8,18.1,18.5,18.9,19.3,19.7,20.1,20.6,21,21.5,22,22.5,23,23.4,23.9,24.3,24.7,25.2,25.6,26.1,26.6,27.1,27.6,28,28.4,28.7,29,29.3,29.8,30.3,30.9,31.5,32.2,32.9,33.5,34.2,34.8,35.5,36,36.6,37.2,37.7,38.2,38.6
Bahrain,BHR,48,152.1,153.7,157.4,162.5,168.8,175.8,183.2,190.9,198.7,206.3,213.7,220.9,227.8,234.4,240.6,246.6,252.3,258,264,271.1,279.7,289.9,301.5,315.2,331.5,350.7,373.4,398.9,425.6,451.1,473.5,492.3,507.8,521.7,535.8,551.9,570.4,590.8,612.1,633,652.5,670.7,688.3,705.5,723.1,741.7,761.4,782.8,807.5,837.6,874.5,917.8,967.3,1024.6,1091.9,1170,1261.1,1363,1466.6,1559.2,1632.7,1681.9,1710.8,1730.8,1758.4,1805.1
Bangladesh,BGD,50,291.1,297.3,303.4,309.6,316.3,323.6,331.6,340.4,349.9,359.9,370.3,381,392,403.6,415.8,428.9,443.1,458,473.1,487.2,499.7,510.3,519.3,527.7,536.9,547.8,560.8,575.6,591.8,608.7,625.9,643.2,660.7,678.6,697,716,735.5,755.5,775.7,795.9,815.8,835.3,854.4,873.4,892.5,911.9,931.6,951.5,971.4,991.2,1010.8,1030.2,1049.4,1068,1085.6,1101.9,1116.8,1130.4,1143.2,1155.8,1168.8,1182.4,1196.3,1210.5,1224.6,1238.4
Barbados,BRB,52,490.7,501.6,510.8,518.2,523.9,528.1,531,533.1,534.5,535.7,537.1,538.8,540.9,543.2,545.5,547.4,548.9,550.3,551.6,553.3,555.5,558.2,561.5,565.1,568.7,572.2,575.5,578.6,581.5,584.1,586.5,588.6,590.3,591.9,593.5,595.2,597.1,599.1,601.2,603.4,605.5,607.6,609.7,611.8,614,616.2,618.5,620.8,623.1,625.4,627.6,629.5,631.3,633.2,635.1,637.2,639.6,642.2,644.9,647.6,650.2,652.6,654.8,657,659,661
Belarus,BLR,112,38.2,38,38,38.1,38.2,38.5,38.8,39.1,39.5,39.9,40.3,40.7,41.1,41.5,41.8,42.2,42.6,43,43.5,43.9,44.2,44.6,45,45.3,45.6,45.9,46.2,46.5,46.8,47.2,47.5,47.8,48.1,48.5,48.8,49.1,49.4,49.7,50,50.2,50.4,50.4,50.4,50.3,50.1,50,49.8,49.6,49.4,49.2,49,48.7,48.3,48,47.7,47.4,47.2,47,46.9,46.8,46.7,46.7,46.7,46.7,46.7,46.7
Belgium,BEL,56,285.3,286.7,288.2,289.9,291.7,293.5,295.3,297.2,299,300.9,302.8,304.7,306.6,308.5,310.2,311.9,313.4,314.7,315.9,317,318.1,319.1,320.1,321,321.9,322.7,323.5,324.2,324.9,325.4,325.9,326.3,326.6,326.9,327.2,327.5,327.9,328.3,328.9,329.6,330.5,331.6,332.8,334.2,335.4,336.4,337.1,337.6,338.1,338.7,339.6,340.8,342.3,344.1,346.1,348.3,350.7,353.3,356,358.7,361.3,363.7,366,368.3,370.5,372.8
Belize,BLZ,84,3,3.1,3.2,3.3,3.4,3.5,3.6,3.7,3.8,3.9,4,4.2,4.3,4.4,4.5,4.7,4.8,4.9,5.1,5.2,5.4,5.5,5.6,5.7,5.8,5.8,5.9,6,6.1,6.2,6.3,6.5,6.6,6.8,7,7.2,7.4,7.6,7.8,8,8.2,8.4,8.5,8.7,8.8,9.1,9.4,9.7,10.1,10.5,10.8,11.2,11.5,11.8,12.1,12.4,12.7,13.1,13.4,13.8,14.1,14.4,14.8,15.1,15.4,15.8
Benin,BEN,204,20,20,20.1,20.2,20.3,20.4,20.6,20.8,21,21.3,21.6,21.9,22.2,22.6,22.9,23.3,23.8,24.3,24.8,25.3,25.8,26.4,27,27.6,28.3,29,29.7,30.4,31.3,32.1,33,33.9,34.8,35.8,36.9,37.9,39.1,40.2,41.4,42.7,44.2,45.7,47.3,49,50.7,52.4,54,55.7,57.4,59.1,60.9,62.8,64.7,66.7,68.7,70.8,72.9,75,77.1,79.3,81.6,83.9,86.3,88.7,91.2,93.8
Bermuda,BMU,60,745.2,756.3,769.6,784,799.3,815.1,831.2,847.9,864.7,881.5,898.9,916.7,934.5,952.1,968.7,984.2,998.3,1011.2,1022.9,1034.4,1045.7,1057.1,1068.6,1079.6,1090.2,1099.8,1108.6,1117,1124.7,1132.3,1139.8,1147.4,1154.9,1162.7,1170.5,1178.4,1186.5,1194.6,1202.8,1210.8,1218.6,1226.2,1233.5,1240.7,1247.6,1253.9,1259.7,1265.2,1270.2,1275.3,1280.6,1286.5,1292.2,1297.4,1301.3,1302.6,1301.3,1297.8,1292.5,1286.1,1279.1,1271.6,1263.6,1255.4,1247.6,1240.1
Bhutan,BTN,64,4.6,4.7,4.8,5,5.1,5.2,5.3,5.4,5.6,5.7,5.9,6,6.2,6.3,6.5,6.7,6.9,7.1,7.3,7.6,7.8,8.1,8.3,8.6,8.9,9.2,9.5,9.8,10.1,10.4,10.7,11,11.3,11.6,11.9,12.3,12.7,13.1,13.6,13.9,14.1,14.1,13.9,13.7,13.6,13.5,13.6,13.9,14.2,14.6,15,15.5,15.9,16.4,16.8,17.2,17.6,18,18.4,18.7,19.1,19.4,19.8,20.1,20.4,20.7
Bolivia (Plurinational State of),BOL,68,2.9,2.9,2.9,3,3.1,3.1,3.2,3.2,3.3,3.3,3.4,3.5,3.5,3.6,3.7,3.8,3.8,3.9,4,4.1,4.2,4.2,4.3,4.4,4.5,4.6,4.7,4.8,4.9,5,5.2,5.3,5.4,5.5,5.6,5.7,5.9,6,6.1,6.2,6.3,6.5,6.6,6.7,6.8,7,7.1,7.3,7.4,7.6,7.7,7.8,8,8.1,8.3,8.4,8.6,8.7,8.9,9,9.2,9.3,9.5,9.6,9.7,9.9
Bosnia and Herzegovina,BIH,70,52.2,53.2,54.2,55.3,56.4,57.6,58.7,59.8,60.9,62.1,63.2,64.5,65.7,67,68.2,69.3,70.3,71.2,72.1,72.9,73.7,74.6,75.5,76.4,77.3,78.1,78.9,79.7,80.4,81.2,82,82.8,83.6,84.5,85.3,86.1,87,87.8,88.4,88.4,87.5,85.7,83.1,80.2,77.4,75.4,74.1,73.6,73.5,73.7,73.9,73.9,74,74.1,74.1,74.1,74.1,74,73.8,73.5,73,72.3,71.5,70.7,69.9,69.3
Botswana,BWA,72,0.7,0.8,0.8,0.8,0.8,0.8,0.8,0.9,0.9,0.9,0.9,0.9,1,1,1,1.1,1.1,1.1,1.2,1.2,1.2,1.3,1.3,1.4,1.4,1.5,1.5,1.6,1.6,1.7,1.8,1.8,1.9,2,2,2.1,2.2,2.2,2.3,2.4,2.4,2.5,2.6,2.6,2.7,2.8,2.8,2.9,2.9,3,3,3.1,3.1,3.2,3.2,3.3,3.3,3.4,3.4,3.5,3.6,3.6,3.7,3.8,3.8,3.9
Brazil,BRA,76,6.5,6.7,6.9,7.1,7.3,7.5,7.7,7.9,8.2,8.4,8.6,8.9,9.2,9.4,9.7,10,10.3,10.6,10.8,11.1,11.4,11.7,12,12.3,12.6,12.9,13.2,13.5,13.8,14.2,14.5,14.8,15.2,15.5,15.9,16.2,16.6,16.9,17.2,17.6,17.9,18.2,18.5,18.8,19.1,19.4,19.7,20,20.4,20.7,21,21.3,21.6,21.8,22.1,22.4,22.6,22.9,23.1,23.3,23.5,23.8,24,24.2,24.4,24.6
British Virgin Islands,VGB,92,49.6,50.1,50.4,50.7,51,51.2,51.6,51.9,52.3,52.9,53.6,54.4,55.3,56.3,57.5,58.8,60,61.5,62.8,64.1,65.4,66.5,67.5,68.4,69.2,69.8,70.3,70.6,71.1,71.9,73.3,75.4,78.1,81.3,84.9,88.7,92.9,97.3,101.8,106,109.7,112.9,115.6,118,120.3,122.8,125.6,128.5,131.5,134.6,137.6,140.6,143.5,146.7,150.3,154.5,159.4,164.9,170.7,176.3,181.5,186,190.1,193.7,197.3,200.8
Brunei Darussalam,BRN,96,9.1,9.7,10.2,10.8,11.4,12,12.7,13.4,14.1,14.8,15.5,16.2,17,17.8,18.6,19.4,20.4,21.3,22.4,23.5,24.6,25.8,27,28.2,29.4,30.7,31.9,33.2,34.4,35.6,36.8,38,39.1,40.3,41.4,42.6,43.8,45.1,46.4,47.7,49.1,50.5,52,53.5,54.9,56.4,57.8,59.2,60.6,61.9,63.2,64.5,65.8,67.1,68.2,69.3,70.3,71.1,72,72.8,73.7,74.8,75.9,77,78.1,79.2
Bulgaria,BGR,100,66.8,67.3,67.9,68.5,69.1,69.7,70.2,70.8,71.4,72,72.6,73.3,73.9,74.5,75.1,75.7,76.3,76.9,77.4,77.9,78.4,78.8,79.3,79.7,80.1,80.5,80.8,81.1,81.3,81.6,81.8,82,82.3,82.5,82.6,82.7,82.6,82.5,82.3,82,81.4,80.8,79.9,79,78.1,77.2,76.4,75.6,75,74.3,73.7,73.1,72.5,71.9,71.3,70.8,70.2,69.7,69.2,68.7,68.2,67.8,67.3,66.9,66.5,66.1
Burkina Faso,BFA,854,15.7,15.8,16,16.1,16.3,16.5,16.7,16.9,17.2,17.4,17.7,17.9,18.1,18.4,18.6,18.9,19.2,19.5,19.9,20.2,20.6,20.9,21.3,21.7,22.1,22.5,22.9,23.4,23.9,24.4,24.9,25.5,26.2,26.8,27.5,28.2,29,29.8,30.5,31.4,32.2,33.1,34,34.9,35.9,36.9,37.9,39,40.1,41.2,42.4,43.7,44.9,46.3,47.6,49.1,50.5,52.1,53.7,55.3,57,58.8,60.6,62.4,64.3,66.2
Burundi,BDI,108,89.9,91.9,93.6,95.2,96.9,98.6,100.4,102.3,104.3,106.4,108.5,110.6,112.7,114.9,117.2,119.9,122.8,125.9,129.1,132.1,134.6,136.5,138,139.3,140.9,143,145.6,148.8,152.4,156.3,160.3,164.5,168.7,173.2,178,183.1,188.5,194.2,200,205.6,210.9,215.8,220.4,224.7,228.6,232.2,235.2,238,240.9,244.5,249.2,255.3,262.5,270.8,279.7,289.1,298.9,309.2,319.8,330.6,341.4,352.2,362.9,373.8,385.2,397.2
Cabo Verde,CPV,132,44.2,46.2,47.5,48.3,48.8,49,49.1,49.1,49.3,49.6,50.2,51.1,52.3,53.8,55.5,57.4,59.5,61.7,63.9,65.7,67,67.7,67.9,67.7,67.6,67.6,67.9,68.4,69.2,70.1,71.1,72.4,73.8,75.3,76.8,78.2,79.4,80.6,81.8,83.2,84.8,86.8,89.1,91.6,94.1,96.6,99,101.3,103.6,105.8,108,110.1,112.2,114.2,116,117.8,119.3,120.7,122,123.3,124.7,126.1,127.5,129.1,130.6,132.2
Cambodia,KHM,116,25.1,25.7,26.4,27.1,27.8,28.6,29.3,30.1,30.8,31.6,32.4,33.3,34.2,35,35.9,36.6,37.3,37.9,38.4,39,39.6,40.4,41.4,42.2,42.7,42.6,41.9,40.8,39.4,38.3,37.9,38.2,39.2,40.6,42.2,43.7,45.1,46.4,47.8,49.2,50.8,52.6,54.5,56.5,58.4,60.4,62.2,64,65.7,67.3,68.8,70.3,71.6,72.8,74,75.2,76.3,77.5,78.6,79.8,81.1,82.4,83.7,85.1,86.5,87.9
Cameroon,CMR,120,9.1,9.3,9.4,9.6,9.8,10,10.1,10.3,10.5,10.7,11,11.2,11.4,11.7,11.9,12.2,12.5,12.8,13.1,13.5,13.8,14.2,14.5,14.9,15.3,15.8,16.2,16.7,17.2,17.7,18.2,18.8,19.4,20,20.6,21.3,21.9,22.6,23.3,24.1,24.8,25.5,26.3,27,27.7,28.5,29.2,30,30.7,31.5,32.3,33.2,34,34.9,35.9,36.9,37.9,38.9,40,41.1,42.2,43.4,44.6,45.8,47,48.3
Canada,CAN,124,1.5,1.6,1.6,1.6,1.7,1.7,1.8,1.8,1.9,1.9,2,2,2.1,2.1,2.1,2.2,2.2,2.2,2.3,2.3,2.4,2.4,2.4,2.5,2.5,2.5,2.6,2.6,2.6,2.7,2.7,2.7,2.8,2.8,2.8,2.8,2.9,2.9,3,3,3,3.1,3.1,3.2,3.2,3.2,3.3,3.3,3.3,3.3,3.4,3.4,3.4,3.5,3.5,3.6,3.6,3.6,3.7,3.7,3.8,3.8,3.8,3.9,3.9,4
Caribbean Netherlands,ANT,535,21.7,22.2,22.6,22.9,23.2,23.4,23.6,23.7,23.9,24.2,24.6,25.1,25.7,26.4,27.1,27.8,28.6,29.4,30.2,30.9,31.6,32.2,32.6,33.1,33.4,33.6,33.8,33.8,33.9,33.9,34.2,34.5,35,35.5,36.1,36.7,37.2,37.6,38.1,38.7,39.7,40.9,42.5,44,45.3,46.1,46.2,46,45.4,44.6,43.9,43.1,42.3,41.9,42.4,43.9,46.8,50.8,55.3,59.9,63.8,67.1,69.6,71.7,73.4,74.9
Cayman Islands,CYM,136,26.7,26.1,26,26.3,26.9,27.8,28.8,29.9,31,32,32.8,33.4,33.9,34.3,34.6,34.9,35.2,35.5,36,36.8,38.1,39.9,42.2,44.9,47.9,51,54.3,57.7,61.1,64.4,67.3,70,72.3,74.6,77.3,80.5,84.4,88.9,93.9,99.1,104.2,109.2,114.2,119.4,125.2,132,139.7,148.3,157.3,165.9,173.7,180.5,186.4,191.8,197.1,202.6,208.5,214.5,220.5,226.2,231.3,235.7,239.7,243.2,246.6,249.8
Central African Republic,CAF,140,2.1,2.2,2.2,2.2,2.2,2.2,2.3,2.3,2.3,2.4,2.4,2.5,2.5,2.5,2.6,2.6,2.7,2.8,2.8,2.9,2.9,3,3.1,3.1,3.2,3.2,3.3,3.4,3.5,3.6,3.7,3.8,3.9,4,4.1,4.2,4.3,4.4,4.5,4.6,4.7,4.8,5,5.1,5.2,5.4,5.5,5.6,5.8,5.9,6,6.2,6.3,6.4,6.5,6.6,6.7,6.9,7,7.1,7.1,7.2,7.2,7.2,7.2,7.3
Chad,TCD,148,2,2,2.1,2.1,2.1,2.2,2.2,2.3,2.3,2.3,2.4,2.4,2.5,2.5,2.6,2.6,2.7,2.7,2.8,2.8,2.9,3,3,3.1,3.2,3.2,3.3,3.4,3.4,3.5,3.6,3.7,3.7,3.8,3.9,4,4.2,4.3,4.4,4.6,4.7,4.9,5,5.2,5.4,5.6,5.8,6,6.2,6.4,6.6,6.9,7.1,7.4,7.7,8,8.3,8.6,8.8,9.1,9.4,9.8,10.1,10.4,10.8,11.1
Channel Islands,,830,538.1,541.9,545.6,549.1,552.5,555.8,559.3,563,566.9,571.2,575.9,581,586.6,592.6,598.8,605.2,611.7,618.3,624.9,631.4,637.9,644.3,650.6,656.4,661.5,665.3,667.9,669.4,670.5,672.1,674.8,678.8,684.1,690.3,697.1,704.3,711.7,719.6,727.3,734.4,740.4,745.1,748.7,751.7,754.7,758.1,762.3,766.9,772,777.3,782.8,788.4,794.2,800.2,806.2,812.1,818,823.8,829.4,834.8,839.9,844.7,849.3,853.6,857.7,861.9
Chile,CHL,152,8.3,8.5,8.7,8.9,9.1,9.3,9.5,9.7,9.9,10.1,10.4,10.6,10.8,11.1,11.3,11.6,11.8,12.1,12.4,12.6,12.9,13.1,13.3,13.6,13.8,14,14.3,14.5,14.7,14.9,15.2,15.4,15.6,15.9,16.1,16.4,16.7,16.9,17.2,17.5,17.8,18.1,18.4,18.7,19,19.2,19.5,19.8,20,20.3,20.5,20.8,21,21.2,21.5,21.7,21.9,22.2,22.4,22.6,22.9,23.1,23.3,23.5,23.7,23.9
China,CHN,156,59.1,60.7,62,63.1,64.1,65.1,66,67,67.9,69,70.1,71.2,72.4,73.7,75.2,77,78.9,81,83.3,85.6,87.9,90.1,92.2,94.3,96.2,98.1,99.8,101.4,102.9,104.4,105.9,107.4,108.9,110.5,112.2,114.1,116.1,118.4,120.7,122.9,124.9,126.7,128.2,129.6,130.9,132.1,133.1,134.1,135,135.9,136.7,137.5,138.3,139.1,140,140.8,141.6,142.4,143.2,144,144.8,145.7,146.5,147.3,148.1,148.8
"China, Hong Kong SAR",HKG,344,1880,1965.1,2057.2,2156.3,2261.5,2371.5,2484.7,2598.7,2711,2818.6,2919.2,3011.5,3095.5,3173.5,3248.5,3323.1,3398.5,3474.3,3549.2,3621,3688.7,3750.3,3807.9,3868.6,3942,4034.3,4149.1,4282.7,4424.9,4561.3,4681.4,4781.4,4864.7,4937.1,5007.8,5083.4,5166.2,5253.7,5342.6,5427.8,5506.2,5575.3,5637.4,5698.4,5766.7,5847.7,5944.6,6053.8,6165.6,6266.3,6346.3,6402.2,6437.6,6459.6,6478.7,6502.6,6533.7,6569.9,6609.8,6650.7,6690.7,6729.3,6768,6808.2,6852,6900.7
"China, Macao SAR",MAC,446,6571.3,6705.4,6731.6,6665.3,6526.2,6336.5,6122,5911.5,5736.6,5628.4,5611.9,5701.2,5892.6,6162.2,6473.7,6797,7130.3,7472.2,7792.8,8054.9,8233.9,8319,8320,8259.1,8170,8081.2,7996.2,7916.2,7866.2,7875.6,7963.8,8141.4,8402,8729,9096.8,9484.3,9888.9,10310.2,10731.7,11133.8,11502.8,11831.6,12122.4,12386.1,12640.8,12899.2,13162.8,13430.2,13706.9,14000.1,14313.7,14651.5,15013.2,15389.5,15767.7,16139.1,16499,16850.3,17202.3,17569,17958.8,18375.9,18813.7,19258.9,19691.7,20098.4
"China, Taiwan Province of China",TWN,158,215.3,222.9,230.6,238.4,246.4,254.8,263.5,272.7,282.2,292,302.2,312.7,323.4,334.4,345.7,357.2,369,381,392.9,404.3,414.9,424.7,433.6,442,450.2,458.4,466.8,475.2,483.6,492,500.3,508.6,516.8,524.8,532.7,540.2,547.5,554.5,561.1,567.5,573.6,579.5,585.1,590.3,595.1,599.5,603.3,606.7,609.9,613.1,616.8,620.9,625.3,629.9,634.4,638.3,641.8,644.8,647.5,650,652.4,654.8,657,659.1,661.2,663.3
Colombia,COL,170,11.1,11.4,11.8,12.1,12.5,12.8,13.2,13.6,14,14.4,14.9,15.3,15.8,16.3,16.7,17.3,17.8,18.3,18.8,19.4,19.9,20.4,20.9,21.3,21.8,22.3,22.8,23.3,23.9,24.4,25,25.6,26.2,26.8,27.4,28,28.5,29.1,29.7,30.3,30.9,31.5,32,32.6,33.2,33.7,34.3,34.8,35.4,35.9,36.4,36.9,37.5,38,38.5,39,39.5,40,40.5,40.9,41.4,41.8,42.3,42.7,43.1,43.5
Comoros,COM,174,85.7,87.7,89.5,91.2,92.9,94.5,96.2,97.8,99.4,101.1,102.7,104.3,106,107.7,109.5,111.5,113.6,116,118.5,121.1,123.6,126.1,128.6,131.2,134.4,138.3,142.9,148.3,154,159.8,165.4,170.7,175.7,180.6,185.6,190.9,196.5,202.4,208.5,214.7,221.2,227.8,234.5,241.4,248.4,255.5,262.6,269.7,276.9,284.2,291.4,298.7,306,313.4,320.9,328.7,336.6,344.8,353.2,361.8,370.6,379.7,389,398.4,408.1,417.7
Congo,COG,178,2.4,2.5,2.5,2.6,2.6,2.7,2.8,2.8,2.9,3,3,3.1,3.2,3.3,3.4,3.5,3.6,3.7,3.8,3.9,4,4.1,4.2,4.4,4.5,4.7,4.8,4.9,5.1,5.2,5.4,5.5,5.7,5.9,6.1,6.2,6.4,6.6,6.8,7,7.1,7.3,7.5,7.8,8,8.2,8.4,8.7,8.9,9.2,9.4,9.7,10,10.3,10.6,10.9,11.3,11.6,12.1,12.5,12.8,13.2,13.6,13.9,14.3,14.6
Cook Islands,CIV,184,62.8,64.2,65.2,66,67,68.2,69.7,71.5,73.3,74.9,76.1,76.8,77.1,77.4,77.9,79,80.9,83.2,85.8,87.9,89.2,89.6,89.3,88.2,86.7,84.8,82.6,80,77.4,75.1,73.5,72.6,72.4,72.8,73.3,73.9,74.4,74.9,75.3,75.9,76.5,77.2,78,78.6,79,79,78.4,77.4,76.2,75.5,75.5,76.3,77.9,79.8,81.3,82.1,82.1,81.3,80.1,78.6,77.3,76.1,75,74,73.3,72.7
Costa Rica,HRV,188,18.8,19.3,19.9,20.5,21.2,21.9,22.7,23.5,24.3,25.2,26.1,27.1,28.1,29.1,30.1,31.1,32.2,33.2,34.2,35.2,36.2,37.2,38.1,39.1,40.1,41.1,42.1,43.2,44.4,45.6,46.8,48.1,49.4,50.7,52.1,53.5,54.9,56.3,57.7,59.1,60.6,62.2,63.8,65.4,67.1,68.8,70.4,72.1,73.8,75.4,76.9,78.3,79.6,80.8,82,83.2,84.4,85.6,86.8,87.9,89,90.1,91.2,92.2,93.2,94.2
Côte d'Ivoire,CUB,384,8.3,8.5,8.7,9,9.2,9.5,9.8,10.1,10.5,10.8,11.2,11.6,12.1,12.6,13.1,13.6,14.1,14.6,15.2,15.8,16.5,17.2,18,18.9,19.8,20.8,21.8,22.8,23.9,25,26.1,27.2,28.4,29.7,30.9,32.1,33.4,34.7,35.9,37.2,38.6,40,41.4,42.8,44.3,45.7,47.2,48.6,50,51.3,52.5,53.6,54.6,55.6,56.6,57.7,58.8,60,61.3,62.7,64.2,65.7,67.4,69.1,70.9,72.7
Croatia,CUW,191,68.8,69.4,70.1,70.7,71.4,72,72.6,73.2,73.8,74.4,74.9,75.5,76,76.5,76.9,77.4,77.7,78.1,78.4,78.7,79,79.3,79.6,79.9,80.1,80.4,80.7,81.1,81.4,81.8,82.2,82.6,83,83.4,83.9,84.3,84.7,85,85.3,85.4,85.4,85.1,84.6,83.9,83.2,82.5,81.8,81,80.3,79.6,79.1,78.8,78.6,78.4,78.3,78.2,78.1,78,77.8,77.6,77.3,77.1,76.8,76.4,76.1,75.7
Cuba,CYP,192,55.6,56.9,58.1,59.2,60.4,61.4,62.5,63.6,64.6,65.8,67.1,68.5,70,71.6,73.2,74.7,76.2,77.6,79,80.5,81.9,83.3,84.8,86.2,87.5,88.7,89.7,90.5,91.2,91.9,92.4,92.9,93.3,93.6,94.1,94.7,95.5,96.5,97.5,98.5,99.4,100.2,100.8,101.4,101.9,102.5,103,103.5,103.9,104.4,104.8,105.1,105.4,105.6,105.9,106,106.1,106.2,106.3,106.3,106.5,106.7,106.9,107.2,107.5,107.7
Curaçao,,531,225.6,235.5,243.9,251.1,257.5,263.3,268.6,273.6,278.1,282.2,285.9,289.1,292.1,294.9,298,301.5,305.5,309.9,314.6,319.2,323.5,327.6,331.4,334.7,337.1,338.4,338.4,337.2,335.4,334,333.3,333.8,335.2,336.9,338.3,338.7,338,336.3,334.1,332,330.3,329.4,328.9,328.3,326.9,324.1,319.8,314.3,308.3,302.5,297.5,293.4,290.2,288.3,288.6,291.4,297.1,305.2,314.7,324.2,332.5,339.2,344.6,348.9,352.5,355.9
Cyprus,CYP,196,53.5,54.2,54.8,55.6,56.4,57.4,58.4,59.5,60.5,61.4,62,62.4,62.5,62.5,62.6,62.9,63.3,64,64.8,65.6,66.4,67.2,68,68.7,69.5,70.3,71.2,72,72.9,73.6,74.2,74.6,74.9,75.1,75.5,76.2,77.1,78.3,79.7,81.3,83,84.8,86.6,88.6,90.6,92.6,94.5,96.4,98.3,100.2,102.1,103.9,105.7,107.5,109.4,111.2,113.2,115.1,117.1,118.8,120.4,121.7,122.8,123.8,124.7,125.6
Czechia,CZE,203,115.3,116.6,117.9,119.2,120.3,121.2,122,122.6,123.1,123.6,124.2,124.8,125.5,126.1,126.7,127,127.2,127.1,127,126.9,127.1,127.5,128.1,128.8,129.6,130.4,131.2,132.1,132.9,133.5,134,134.2,134.2,134.1,133.9,133.8,133.7,133.7,133.8,133.8,133.9,134,134,134.1,134.1,134.1,134,133.9,133.7,133.4,133.2,133,132.7,132.6,132.6,132.8,133.3,134.1,135,135.8,136.4,136.8,137.1,137.2,137.2,137.3
Dem. People's Republic of Korea,PRK,408,87.6,85.1,83.5,82.7,82.8,83.8,85.4,87.6,90.1,92.6,94.9,96.9,98.6,100.2,102,104.2,106.8,109.8,113,116.4,119.7,123,126.3,129.5,132.5,135.2,137.5,139.5,141.3,143.1,145.1,147.3,149.6,152,154.4,156.8,159.1,161.4,163.7,166,168.5,171.2,173.9,176.6,179.2,181.6,183.7,185.5,187.2,188.8,190.4,192.1,193.8,195.5,197.1,198.5,199.8,201,202.1,203.2,204.2,205.3,206.4,207.5,208.6,209.6
Democratic Republic of the Congo,COD,180,5.4,5.5,5.6,5.7,5.8,6,6.1,6.2,6.4,6.6,6.7,6.9,7.1,7.3,7.5,7.7,7.9,8.1,8.3,8.6,8.8,9.1,9.3,9.6,9.8,10.1,10.4,10.7,11,11.3,11.6,11.9,12.2,12.5,12.8,13.2,13.5,13.9,14.3,14.8,15.3,15.8,16.5,17.1,17.8,18.3,18.9,19.3,19.8,20.2,20.8,21.3,22,22.7,23.4,24.2,24.9,25.8,26.6,27.5,28.5,29.4,30.4,31.5,32.5,33.6
Denmark,DNK,208,100.6,101.6,102.4,103.2,104,104.7,105.3,105.9,106.6,107.3,108,108.7,109.6,110.4,111.3,112.2,113,113.9,114.7,115.5,116.2,116.9,117.6,118.2,118.8,119.3,119.8,120.1,120.4,120.6,120.8,120.8,120.7,120.7,120.6,120.5,120.5,120.6,120.7,120.9,121.2,121.5,121.9,122.3,122.8,123.3,123.8,124.4,124.9,125.4,125.9,126.3,126.6,127,127.3,127.8,128.3,128.9,129.6,130.2,130.9,131.6,132.2,132.9,133.5,134.1
Djibouti,DJI,262,2.7,2.7,2.8,2.9,2.9,3,3.1,3.2,3.3,3.4,3.6,3.8,4.1,4.3,4.6,5,5.3,5.7,6.1,6.5,6.9,7.3,7.7,8.2,8.9,9.7,10.7,12,13.3,14.5,15.5,16.2,16.6,17,17.5,18.4,19.6,21.2,22.8,24.3,25.5,26.2,26.5,26.7,26.8,27.2,27.8,28.5,29.4,30.2,31,31.6,32.2,32.7,33.3,33.8,34.3,34.9,35.5,36.1,36.7,37.4,38,38.7,39.4,40
Dominica,DMA,212,68.1,68.9,69.7,70.6,71.6,72.7,74.1,75.5,77,78.6,80,81.4,82.6,83.9,85.2,86.7,88.4,90.2,92.1,93.6,94.8,95.4,95.6,95.7,95.7,96.1,96.9,97.9,99,99.9,100.4,100.5,100.2,99.7,99,98.2,97.4,96.5,95.7,95,94.6,94.5,94.6,94.9,95.2,95.2,94.9,94.3,93.7,93.2,92.9,92.9,93.1,93.5,93.8,94.2,94.4,94.6,94.8,95,95.3,95.6,96.1,96.5,97,97.5
Dominican Republic,DOM,214,48.9,50.5,52.1,53.8,55.6,57.5,59.5,61.6,63.7,65.9,68.2,70.5,72.9,75.3,77.8,80.3,82.8,85.4,88,90.6,93.2,95.8,98.5,101.2,103.9,106.6,109.3,112,114.7,117.5,120.2,123,125.8,128.6,131.4,134.3,137.1,140,142.9,145.8,148.7,151.6,154.6,157.5,160.5,163.3,166.2,168.9,171.7,174.4,177.2,180,182.8,185.6,188.4,191.2,193.9,196.7,199.4,202.1,204.8,207.5,210.2,212.8,215.4,217.9
Ecuador,ECU,218,14,14.3,14.7,15.1,15.5,15.9,16.4,16.8,17.3,17.8,18.3,18.8,19.4,19.9,20.5,21.1,21.8,22.4,23.1,23.8,24.5,25.2,25.9,26.6,27.4,28.1,28.9,29.7,30.5,31.3,32.1,32.9,33.8,34.7,35.5,36.4,37.3,38.3,39.2,40.2,41.1,42.1,43.1,44.1,45.1,46.1,47,48,49,49.9,50.8,51.8,52.6,53.5,54.4,55.3,56.2,57.2,58.2,59.2,60.1,61.1,62.1,63.1,64,65
Egypt,EGY,818,20.8,21.3,21.8,22.4,23,23.6,24.3,25,25.7,26.4,27.1,27.9,28.6,29.4,30.2,31,31.8,32.7,33.5,34.4,35.2,36,36.8,37.7,38.5,39.4,40.3,41.2,42.2,43.2,44.3,45.4,46.6,47.8,49.1,50.4,51.8,53.3,54.8,56.3,57.7,59,60.3,61.6,62.8,64,65.2,66.5,67.7,68.9,70.2,71.6,72.9,74.3,75.7,77.1,78.5,79.9,81.3,82.8,84.5,86.3,88.2,90.2,92.2,94.2
El Salvador,SLV,222,106.2,107.9,110,112.2,114.6,117.2,120.1,123.1,126.3,129.7,133.3,137.2,141.3,145.6,149.9,154.3,158.8,163.3,167.8,172.4,177.1,181.7,186.4,191,195.6,200.2,204.6,209,213.2,217.2,221.1,224.7,228.1,231.3,234.5,237.6,240.8,243.9,247.1,250.3,253.6,257.1,260.6,264.2,267.6,270.8,273.7,276.4,278.9,281.1,283.2,285,286.7,288.2,289.6,291,292.3,293.6,294.9,296.2,297.5,298.9,300.3,301.7,303.1,304.7
Equatorial Guinea,GNQ,226,8,8.2,8.3,8.4,8.5,8.5,8.6,8.7,8.8,9,9.1,9.2,9.4,9.5,9.7,9.9,10.2,10.5,10.7,10.9,10.9,10.8,10.4,10,9.6,9.3,9,8.8,8.7,8.8,9.1,9.6,10.4,11.2,12.1,12.8,13.4,13.9,14.3,14.8,15.2,15.7,16.2,16.8,17.4,18,18.7,19.4,20.2,21,21.9,22.8,23.8,24.8,25.8,27,28.2,29.6,31,32.4,33.9,35.4,37,38.6,40.3,41.9
Eritrea,ERI,232,11.3,11.5,11.7,11.9,12.1,12.4,12.6,12.9,13.2,13.5,13.8,14.2,14.6,14.9,15.3,15.7,16.1,16.6,17,17.5,17.9,18.4,18.9,19.5,20,20.6,21.1,21.7,22.3,23,23.6,24.3,25,25.7,26.5,27.3,28.1,29,29.8,30.4,30.8,31,30.9,30.7,30.5,30.6,30.9,31.3,31.9,32.7,33.6,34.6,35.8,37,38.2,39.3,40.3,41.1,41.9,42.7,43.5,44.3,45.2,46,47,48
Estonia,EST,233,26,26.3,26.5,26.8,27.1,27.3,27.6,27.9,28.1,28.4,28.7,29,29.4,29.7,30.1,30.4,30.8,31.1,31.5,31.8,32.1,32.4,32.7,33,33.3,33.5,33.8,34.1,34.3,34.5,34.8,35,35.2,35.4,35.6,35.9,36.2,36.6,36.9,37,36.9,36.5,35.9,35.1,34.4,33.8,33.4,33.3,33.2,33.1,33,32.8,32.6,32.4,32.2,32,31.8,31.7,31.6,31.5,31.4,31.3,31.3,31.2,31.1,31
Ethiopia,ETH,231,18.1,18.5,18.8,19.2,19.6,19.9,20.3,20.8,21.2,21.7,22.2,22.7,23.2,23.8,24.4,25,25.6,26.3,26.9,27.7,28.4,29.2,30.1,31,31.9,32.6,33.1,33.6,34.1,34.6,35.3,36.1,37.1,38.3,39.5,40.8,42.1,43.5,44.9,46.5,48.1,49.8,51.6,53.5,55.4,57.3,59.2,61,62.8,64.6,66.5,68.5,70.5,72.5,74.6,76.7,78.9,81,83.2,85.4,87.7,90,92.4,94.9,97.4,99.9
Faeroe Islands,FRO,234,22.6,22.6,22.7,22.8,23,23.3,23.6,23.9,24.2,24.5,24.8,25.2,25.5,25.8,26.1,26.4,26.7,27.1,27.4,27.7,28,28.3,28.7,29,29.3,29.7,30,30.3,30.6,30.9,31.2,31.5,31.7,32,32.3,32.6,33,33.4,33.8,34,34.1,34,33.7,33.4,33.1,33,33,33.1,33.4,33.6,33.9,34,34.2,34.4,34.5,34.6,34.7,34.7,34.7,34.8,34.8,34.8,34.9,34.9,35,35.1
Falkland Islands (Malvinas),FLK,238,0.2,0.2,0.2,0.2,0.2,0.2,0.2,0.2,0.2,0.2,0.2,0.2,0.2,0.2,0.2,0.2,0.2,0.2,0.2,0.2,0.2,0.2,0.2,0.2,0.2,0.2,0.2,0.2,0.2,0.2,0.2,0.2,0.2,0.2,0.2,0.2,0.2,0.2,0.2,0.2,0.2,0.2,0.2,0.2,0.2,0.2,0.2,0.2,0.2,0.2,0.2,0.2,0.2,0.2,0.2,0.2,0.2,0.2,0.2,0.2,0.2,0.2,0.2,0.2,0.2,0.2
Fiji,FJI,242,15.8,16.2,16.7,17.2,17.8,18.3,18.9,19.5,20.2,20.8,21.5,22.3,23.1,23.9,24.7,25.4,26.1,26.7,27.3,27.9,28.5,29.1,29.7,30.3,30.9,31.6,32.2,32.7,33.4,34,34.8,35.6,36.6,37.5,38.3,39,39.3,39.5,39.6,39.7,39.9,40.3,40.8,41.3,41.9,42.4,42.9,43.4,43.8,44.1,44.4,44.6,44.6,44.7,44.8,45,45.3,45.7,46.2,46.6,47.1,47.5,47.8,48.2,48.5,48.8
Finland,FIN,246,13.2,13.3,13.5,13.6,13.8,13.9,14.1,14.2,14.4,14.5,14.6,14.7,14.8,14.9,15,15,15.1,15.1,15.1,15.1,15.2,15.2,15.3,15.4,15.5,15.5,15.6,15.6,15.7,15.7,15.8,15.8,15.9,16,16.1,16.2,16.2,16.3,16.3,16.4,16.4,16.5,16.6,16.7,16.8,16.8,16.9,17,17,17,17.1,17.1,17.2,17.2,17.3,17.3,17.4,17.4,17.5,17.6,17.7,17.7,17.8,17.9,18,18
France,FRA,250,76.5,76.8,77.4,78,78.7,79.5,80.3,81,81.9,82.8,83.8,84.9,86.1,87.3,88.4,89.4,90.2,90.9,91.5,92.2,92.9,93.6,94.5,95.4,96.1,96.8,97.3,97.7,98.1,98.4,98.7,99.2,99.6,100.1,100.6,101.2,101.7,102.3,102.9,103.5,104,104.5,105,105.5,105.9,106.4,106.8,107.3,107.8,108.3,108.9,109.4,110,110.6,111.2,111.8,112.5,113.2,113.8,114.5,115.1,115.7,116.2,116.7,117.2,117.7
French Guiana,GUF,254,0.3,0.3,0.3,0.3,0.3,0.3,0.4,0.4,0.4,0.4,0.4,0.4,0.4,0.4,0.5,0.5,0.5,0.5,0.5,0.6,0.6,0.6,0.6,0.6,0.7,0.7,0.7,0.7,0.8,0.8,0.8,0.9,0.9,0.9,1,1.1,1.1,1.2,1.3,1.3,1.4,1.5,1.5,1.6,1.6,1.7,1.7,1.8,1.8,1.9,2,2.1,2.2,2.3,2.4,2.5,2.6,2.6,2.7,2.8,2.8,2.9,3,3.1,3.2,3.3
French Polynesia,PYF,258,16.5,17,17.5,17.9,18.4,18.8,19.2,19.7,20.2,20.7,21.3,22.1,22.9,23.7,24.6,25.5,26.4,27.3,28.2,29.2,30.2,31.2,32.3,33.4,34.6,35.7,36.8,37.9,39.1,40.2,41.5,42.7,44,45.2,46.6,47.9,49.2,50.5,51.8,53.1,54.2,55.2,56.1,56.9,57.8,58.8,59.9,61.1,62.4,63.6,64.8,65.9,66.9,67.9,68.8,69.6,70.4,71.2,71.9,72.6,73.2,73.7,74.2,74.7,75.3,75.9
Gabon,GAB,266,1.8,1.8,1.9,1.9,1.9,1.9,1.9,1.9,1.9,1.9,1.9,2,2,2,2,2.1,2.1,2.1,2.2,2.2,2.3,2.3,2.4,2.4,2.5,2.5,2.6,2.6,2.7,2.8,2.8,2.9,3,3.1,3.1,3.2,3.3,3.4,3.5,3.6,3.7,3.8,3.9,4,4.1,4.2,4.3,4.4,4.5,4.7,4.8,4.9,5,5.2,5.3,5.4,5.6,5.8,6,6.2,6.4,6.6,6.8,7.1,7.3,7.5
Gambia,GMB,270,26.8,26.9,27.3,28,28.9,30,31.3,32.7,34,35.3,36.4,37.2,37.9,38.4,39,39.6,40.3,41.1,42,43.1,44.2,45.5,46.9,48.4,50,51.5,53,54.5,56.1,57.8,59.7,61.8,64.1,66.5,69.3,72.3,75.7,79.5,83.3,87.1,90.6,93.8,96.8,99.6,102.5,105.4,108.4,111.5,114.7,118.1,121.7,125.5,129.6,133.8,138.2,142.7,147.3,152.1,157,162,167.2,172.6,178.1,183.7,189.5,195.4
Georgia,GEO,268,50.8,51.2,51.6,52.2,52.8,53.4,54.2,55,55.8,56.7,57.7,58.7,59.7,60.8,61.8,62.9,64,65.1,66.1,67,67.8,68.5,69,69.4,69.8,70.1,70.5,70.9,71.3,71.7,72.2,72.7,73.2,73.7,74.3,75,75.8,76.7,77.4,77.9,77.9,77.3,76.2,74.9,73.5,72.2,71.2,70.2,69.4,68.7,68,67.2,66.6,65.9,65.2,64.6,63.9,63.2,62.5,61.7,60.9,60,59.1,58.2,57.5,56.9
Germany,DEU,276,200.7,201.7,202.6,203.5,204.4,205.2,206.1,207.1,208.1,209.3,210.6,212.1,213.7,215.4,217.1,218.8,220.4,221.9,223.3,224.5,225.4,226,226.4,226.5,226.4,226.3,226.1,225.8,225.5,225.1,224.6,224.1,223.6,223.2,222.9,223,223.3,223.9,224.8,225.8,227,228.3,229.6,231,232.2,233.1,233.6,233.8,233.8,233.8,233.8,233.9,234.1,234.4,234.4,234.3,233.9,233.4,232.8,232.3,232.1,232.2,232.6,233.1,233.8,234.4
Ghana,GHA,288,21.9,22.3,22.8,23.5,24.2,25,25.8,26.6,27.4,28.3,29.2,30.2,31.1,32.1,33,33.9,34.7,35.4,36.1,36.9,37.8,38.8,39.9,41.1,42.2,43.2,44.1,44.8,45.5,46.4,47.5,48.9,50.5,52.3,54.1,55.9,57.6,59.2,60.9,62.6,64.3,66.1,68,69.9,71.8,73.7,75.5,77.4,79.3,81.2,83.2,85.4,87.6,89.9,92.2,94.7,97.2,99.8,102.4,105.1,107.7,110.4,113.1,115.8,118.5,121.2
Gibraltar,GIB,292,2203.9,2229.2,2249.4,2263,2272,2277.5,2281.6,2286.3,2295.9,2312.9,2339.4,2378.6,2428.4,2484.8,2545.4,2604.1,2661.2,2717.4,2769.4,2815.9,2856,2886.9,2910.4,2927.8,2942.7,2957.8,2974.2,2990.2,3004.9,3017.7,3027.2,3033.4,3038.1,3038.3,3032.5,3020.7,3000.4,2974.4,2946.9,2926.2,2916.4,2921.2,2937.9,2962.3,2989.5,3014.7,3038.2,3059.4,3080.1,3099.1,3118,3137.4,3154.4,3172,3189.6,3208.5,3229.6,3251,3273.2,3295.6,3318.9,3340.5,3362.3,3383.1,3403.8,3422.8
Greece,GRC,300,59.5,60.1,60.6,61.2,61.7,62.1,62.6,63,63.5,63.8,64.2,64.5,64.8,65,65.3,65.6,65.8,66.1,66.5,66.8,67.2,67.6,68,68.5,69.2,69.9,70.8,71.8,72.9,73.9,74.7,75.5,76.1,76.5,77,77.4,77.8,78.1,78.5,78.9,79.5,80.2,81.1,82,82.9,83.7,84.4,85,85.6,86,86.4,86.8,87,87.2,87.4,87.7,88,88.3,88.6,88.8,88.8,88.6,88.3,87.8,87.4,87
Greenland,GRL,304,0.1,0.1,0.1,0.1,0.1,0.1,0.1,0.1,0.1,0.1,0.1,0.1,0.1,0.1,0.1,0.1,0.1,0.1,0.1,0.1,0.1,0.1,0.1,0.1,0.1,0.1,0.1,0.1,0.1,0.1,0.1,0.1,0.1,0.1,0.1,0.1,0.1,0.1,0.1,0.1,0.1,0.1,0.1,0.1,0.1,0.1,0.1,0.1,0.1,0.1,0.1,0.1,0.1,0.1,0.1,0.1,0.1,0.1,0.1,0.1,0.1,0.1,0.1,0.1,0.1,0.1
Grenada,GRD,308,225.5,225.4,226.9,229.7,233.6,238.3,243.5,249,254.4,259.6,264.3,268.4,271.8,274.6,276.7,278.2,279,279.3,279,278.5,277.7,277,276.3,275.4,274,271.9,268.9,265.2,262,260.5,261.8,266.4,273.8,282.3,289.5,293.8,294.5,292.3,288.4,284.9,283.2,283.7,285.9,289.1,292.4,294.9,296.5,297.4,298,298.4,298.9,299.6,300.3,301.1,301.9,302.8,303.7,304.7,305.7,306.8,307.9,309,310.2,311.5,312.8,314.2
Guadeloupe,GLP,312,124.3,126.1,128.6,131.7,135.4,139.7,144.3,149.1,154,158.6,162.8,166.5,169.7,172.5,175,177.6,180.2,182.7,185.1,187.2,189,190.4,191.6,192.4,193.1,193.5,193.6,193.6,193.6,194.1,195.4,197.4,200.2,203.5,207.1,210.8,214.5,218.3,221.9,225.3,228.3,230.8,232.8,234.6,236.4,238.4,240.8,243.5,246.2,248.9,251.3,253.4,255.2,256.9,258.5,260.1,261.7,263.3,264.7,265.9,266.7,267.1,267.2,267.1,266.8,266.5
Guam,GUM,316,110.5,111.6,112.7,113.8,114.9,116,117.1,118.4,119.8,121.5,123.6,126.1,128.9,132,135.3,138.6,141.9,145.2,148.6,151.9,155.3,158.8,162.2,165.7,169.2,172.9,176.6,180.5,184.5,188.6,192.8,197.2,201.7,206.3,211,215.9,220.8,225.8,230.9,236.2,241.6,247.3,253.1,258.9,264.4,269.6,274.2,278.3,282,285.1,287.6,289.6,291.1,292.1,292.8,293.3,293.8,294.2,294.5,294.9,295.3,295.7,296.2,297,298.1,299.6
Guatemala,GTM,320,29.1,30,30.9,31.9,32.8,33.8,34.9,35.9,37,38.1,39.3,40.5,41.7,42.9,44.1,45.4,46.8,48.2,49.6,51,52.5,53.9,55.4,57,58.5,60,61.6,63.1,64.7,66.3,68,69.7,71.4,73.2,75.1,76.9,78.7,80.6,82.5,84.5,86.4,88.5,90.6,92.7,94.9,97.1,99.4,101.6,103.9,106.3,108.7,111.3,113.9,116.7,119.4,122.2,125,127.8,130.7,133.6,136.5,139.5,142.5,145.5,148.6,151.7
Guinea,GIN,324,12.6,12.8,13,13.1,13.3,13.5,13.7,13.9,14.1,14.3,14.6,14.8,15,15.3,15.5,15.8,16.1,16.4,16.7,16.9,17.2,17.4,17.5,17.6,17.7,17.8,17.8,17.9,18,18.1,18.4,18.7,19.1,19.6,20.1,20.7,21.3,21.9,22.6,23.5,24.6,25.9,27.5,29.2,30.7,32,33.1,33.9,34.6,35.2,35.8,36.5,37.2,37.9,38.6,39.4,40.2,41.1,42,43,43.9,44.9,45.9,47,48,49.2
Guinea-Bissau,GNB,624,19,19.3,19.6,19.9,20.2,20.5,20.8,21.1,21.4,21.6,21.9,22.2,22.4,22.6,22.9,23.2,23.6,23.9,24.4,24.8,25.3,25.8,26.4,26.9,27.3,27.7,27.9,28,28,28.2,28.5,29,29.6,30.4,31.2,32,32.8,33.6,34.3,35.2,36,36.9,37.8,38.7,39.6,40.4,41.2,42,42.7,43.4,44.2,45.1,46,47,48,49.1,50.2,51.4,52.7,54,55.3,56.8,58.3,59.8,61.4,63
Guyana,GUY,328,2.1,2.1,2.2,2.3,2.4,2.5,2.5,2.6,2.7,2.8,2.9,3,3.1,3.2,3.2,3.3,3.4,3.4,3.5,3.5,3.6,3.6,3.7,3.7,3.7,3.8,3.8,3.9,3.9,3.9,4,4,4,4,3.9,3.9,3.9,3.8,3.8,3.8,3.8,3.8,3.8,3.8,3.9,3.9,3.9,3.9,3.9,3.8,3.8,3.8,3.8,3.8,3.8,3.8,3.8,3.8,3.8,3.8,3.8,3.8,3.8,3.9,3.9,3.9
Haiti,HTI,332,116.9,118.8,120.9,123,125.2,127.5,129.9,132.4,134.9,137.6,140.3,143.1,146,148.9,151.9,155,158.1,161.3,164.5,167.7,170.9,173.9,176.9,180,183.2,186.5,190.1,193.8,197.8,202,206.4,211.1,216.1,221.2,226.4,231.6,236.8,242,247.2,252.4,257.6,262.8,268,273.2,278.5,283.7,289,294.3,299.7,304.9,310.2,315.4,320.6,325.7,330.9,336.1,341.4,346.8,352.1,357.5,362.8,368.1,373.3,378.5,383.6,388.6
Holy See,VAT,336,2063.6,2011.4,2004.5,2013.6,2031.8,2063.6,2056.8,2068.2,2072.7,2063.6,2059.1,2052.3,2040.9,2027.3,1997.7,1940.9,1850,1740.9,1618.2,1520.5,1463.6,1459.1,1493.2,1559.1,1609.1,1654.5,1675,1675,1659.1,1659.1,1645.5,1647.7,1656.8,1661.4,1681.8,1695.5,1704.5,1725,1736.4,1738.6,1745.5,1759.1,1770.5,1768.2,1768.2,1772.7,1768.2,1777.3,1775,1775,1784.1,1790.9,1800,1813.6,1811.4,1813.6,1818.2,1809.1,1804.5,1806.8,1804.5,1809.1,1827.3,1820.5,1818.2,1825
Honduras,HND,340,13.8,14.2,14.6,15,15.4,15.8,16.3,16.7,17.2,17.7,18.2,18.7,19.3,19.8,20.4,21,21.6,22.2,22.9,23.6,24.3,25,25.8,26.5,27.3,28.2,29.1,30,30.9,31.9,32.9,33.9,35,36,37.1,38.3,39.4,40.6,41.8,43,44.3,45.6,46.9,48.3,49.6,51,52.4,53.9,55.3,56.8,58.3,59.8,61.3,62.9,64.4,65.9,67.4,68.9,70.4,71.8,73.2,74.6,76,77.4,78.7,80.1
Hungary,HUN,348,103.1,104.7,106,107.1,107.9,108.6,109.1,109.5,109.8,110.2,110.5,110.8,111.2,111.5,111.9,112.3,112.8,113.2,113.7,114.1,114.5,114.9,115.2,115.5,115.8,116.3,116.9,117.5,118.1,118.6,118.8,118.7,118.4,117.9,117.3,116.7,116.2,115.7,115.3,114.9,114.6,114.5,114.4,114.4,114.4,114.3,114.1,113.9,113.6,113.2,112.9,112.6,112.3,112,111.7,111.4,111.1,110.7,110.4,110,109.7,109.3,109,108.7,108.4,108.1
Iceland,ISL,352,1.4,1.4,1.5,1.5,1.5,1.6,1.6,1.6,1.7,1.7,1.8,1.8,1.8,1.9,1.9,1.9,1.9,2,2,2,2,2.1,2.1,2.1,2.2,2.2,2.2,2.2,2.2,2.3,2.3,2.3,2.3,2.4,2.4,2.4,2.4,2.5,2.5,2.5,2.5,2.6,2.6,2.6,2.6,2.7,2.7,2.7,2.7,2.8,2.8,2.8,2.8,2.9,2.9,2.9,3,3,3.1,3.2,3.2,3.2,3.2,3.3,3.3,3.3
India,IND,356,126.6,128.6,130.7,132.9,135.2,137.7,140.2,142.8,145.5,148.3,151.2,154.2,157.4,160.6,164,167.4,170.9,174.5,178.2,182.1,186.2,190.4,194.9,199.5,204.2,209,213.8,218.8,223.8,229,234.4,239.8,245.5,251.2,257,262.9,268.8,274.7,280.7,286.7,292.7,298.7,304.7,310.8,316.9,323,329.2,335.5,341.7,348,354.2,360.4,366.5,372.7,378.8,384.8,390.8,396.8,402.6,408.4,414,419.5,424.8,430,435.2,440.3
Indonesia,IDN,360,38.4,39.1,39.9,40.8,41.7,42.7,43.7,44.8,46,47.2,48.5,49.8,51.1,52.5,53.9,55.4,56.9,58.5,60.1,61.7,63.4,65.1,66.8,68.6,70.4,72.2,74,75.8,77.6,79.5,81.4,83.3,85.3,87.2,89.2,91.1,93,94.8,96.6,98.4,100.2,101.9,103.6,105.4,107.1,108.7,110.4,112,113.6,115.2,116.8,118.4,120.1,121.7,123.4,125.1,126.9,128.6,130.4,132.1,133.9,135.6,137.4,139.1,140.8,142.5
Iran (Islamic Republic of),IRN,364,10.5,10.8,11,11.3,11.6,11.8,12.1,12.5,12.8,13.1,13.5,13.8,14.2,14.5,14.9,15.3,15.7,16.2,16.6,17,17.5,18,18.5,19,19.5,20.1,20.7,21.4,22.1,22.9,23.7,24.7,25.7,26.8,27.9,29.1,30.2,31.4,32.6,33.6,34.5,35.2,35.8,36.2,36.7,37.2,37.8,38.5,39.2,40,40.6,41.2,41.7,42.3,42.7,43.2,43.7,44.2,44.7,45.2,45.8,46.4,46.9,47.5,48.1,48.7
Iraq,IRQ,368,13.2,13.6,14,14.3,14.6,15,15.3,15.6,16,16.4,16.8,17.2,17.7,18.2,18.7,19.3,19.9,20.6,21.3,22.1,22.8,23.6,24.4,25.2,26,26.9,27.8,28.7,29.6,30.5,31.4,32.3,33.2,34.1,35,35.9,36.7,37.5,38.3,39.2,40.2,41.3,42.5,43.8,45.1,46.5,48,49.5,51.1,52.7,54.3,55.8,57.4,59,60.6,62.2,63.8,65.4,67,68.8,70.8,73,75.5,78,80.6,83.2
Ireland,IRL,372,42.3,42.4,42.4,42.4,42.3,42.1,41.8,41.6,41.3,41.1,41,40.9,41,41.2,41.3,41.5,41.7,41.9,42.1,42.4,42.8,43.4,44,44.7,45.5,46.2,47,47.8,48.5,49.2,49.9,50.4,50.9,51.3,51.6,51.7,51.8,51.8,51.8,51.8,51.8,51.9,52.1,52.3,52.6,53,53.4,53.9,54.4,55.1,55.9,56.7,57.7,58.8,59.9,61.2,62.5,63.8,65.2,66.3,67.2,67.7,67.9,68,68,68.2
Isle of Man,IMN,833,96.9,96.9,96.2,95.1,93.6,91.9,90.2,88.5,87,85.8,85,84.7,84.9,85.6,86.7,88,89.6,91.4,93.4,95.4,97.2,98.9,100.3,101.6,102.9,104.3,106,107.8,109.5,110.8,111.5,111.5,110.9,110.1,109.6,110,111.3,113.4,115.9,118.2,120.1,121.2,121.9,122.2,122.5,122.9,123.6,124.3,125.2,126.2,127.3,128.4,129.6,130.9,132.2,133.5,134.9,136.4,137.8,139.2,140.5,141.7,142.8,143.9,144.9,145.9
Israel,ISR,376,58.1,62.6,67.1,71.5,75.6,79.4,83,86.3,89.6,93,96.6,100.5,104.6,108.9,112.9,116.6,119.8,122.6,125.3,128.2,131.7,135.7,140.2,145,149.7,154.2,158.4,162.4,166.1,169.7,173,176.3,179.5,182.5,185.6,188.7,191.7,194.8,198.3,202.6,208,214.6,222.2,230.5,238.7,246.5,253.6,260.2,266.4,272.3,277.9,283.3,288.3,293.4,298.9,305.1,312.2,319.9,328,335.9,343.2,349.8,355.8,361.4,367,372.7
Italy,ITA,380,158.4,159.9,161.2,162.4,163.5,164.5,165.4,166.2,167.1,168,169.1,170.3,171.6,173.1,174.5,175.9,177.2,178.4,179.7,180.9,182.2,183.4,184.7,185.9,187.1,188.1,189,189.9,190.6,191.2,191.8,192.3,192.8,193.2,193.6,193.8,194,194.1,194.1,194.2,194.2,194.3,194.4,194.6,194.6,194.7,194.6,194.4,194.3,194.4,194.8,195.5,196.5,197.7,198.9,199.9,200.9,201.7,202.3,202.8,203.1,203.2,203.1,202.9,202.6,202.3
Jamaica,JAM,388,129.5,132.7,135.6,138.1,140.3,142.3,143.9,145.5,147,148.5,150.3,152.4,154.8,157.3,159.8,162.2,164.4,166.5,168.6,170.8,173.2,175.8,178.7,181.6,184.5,187.2,189.8,192.1,194.4,196.9,199.7,202.9,206.4,209.9,213.2,215.9,218.1,219.7,221,222.3,223.8,225.6,227.6,229.8,232,234.3,236.6,238.9,241.1,243.3,245.3,247.2,248.9,250.5,252,253.4,254.9,256.3,257.6,258.9,260.1,261.3,262.3,263.3,264.3,265.2
Japan,JPN,392,227.1,231.3,235,238.3,241.3,244.2,246.9,249.5,252,254.5,257,259.4,261.9,264.4,267.1,270,273.2,276.6,280.1,283.9,287.8,291.9,296.2,300.5,304.6,308.4,311.9,315,317.9,320.6,323.2,325.7,328.1,330.4,332.5,334.4,336.1,337.6,339,340.3,341.6,342.7,343.8,344.9,345.8,346.7,347.4,348.1,348.7,349.3,349.8,350.4,350.8,351.3,351.7,352,352.3,352.5,352.6,352.7,352.6,352.5,352.3,352,351.6,351
Jordan,JOR,400,5.4,6,6.5,6.9,7.3,7.7,8.2,8.8,9.4,10,10.5,11,11.4,11.8,12.4,13.2,14.3,15.5,16.9,18.2,19.4,20.3,21.2,21.9,22.6,23.2,23.9,24.5,25.2,25.9,26.7,27.7,28.8,30,31.3,32.6,33.9,35.2,36.6,38.2,40.1,42.3,44.7,47.2,49.5,51.5,53.1,54.4,55.5,56.5,57.5,58.5,59.6,60.8,62.4,64.4,66.8,69.8,73.1,76.8,80.9,85.3,90,94.8,99.2,103.2
Kazakhstan,KAZ,398,2.5,2.5,2.6,2.7,2.8,3,3.1,3.2,3.4,3.5,3.7,3.9,4,4.2,4.3,4.4,4.5,4.6,4.7,4.8,4.9,4.9,5,5.1,5.2,5.2,5.3,5.4,5.4,5.5,5.5,5.6,5.6,5.7,5.8,5.8,5.9,6,6.1,6.1,6.1,6.1,6.1,6.1,6,5.9,5.9,5.8,5.7,5.6,5.6,5.6,5.6,5.6,5.7,5.8,5.8,5.9,5.9,6,6.1,6.2,6.3,6.4,6.5,6.6
Kenya,KEN,404,10.7,11,11.3,11.6,11.9,12.3,12.6,13,13.4,13.8,14.2,14.7,15.2,15.7,16.2,16.7,17.3,17.8,18.5,19.1,19.8,20.5,21.2,22,22.8,23.7,24.6,25.5,26.5,27.5,28.6,29.7,30.9,32,33.3,34.5,35.8,37.1,38.4,39.8,41.1,42.5,43.9,45.3,46.6,48,49.5,50.9,52.3,53.8,55.3,56.8,58.4,60,61.6,63.3,65.1,66.9,68.8,70.7,72.7,74.7,76.7,78.8,80.9,83
Kiribati,KIR,296,40.8,41.5,42.3,43.2,44.2,45.2,46.2,47.3,48.5,49.7,50.9,52.2,53.5,54.8,56.1,57.3,58.6,59.8,61,62.1,63.2,64.2,65.2,66.2,67.1,68.1,69.1,70.1,71.2,72.2,73.3,74.2,75.2,76.3,77.5,79,80.9,83,85.3,87.5,89.4,91,92.3,93.5,94.7,96,97.4,99,100.7,102.4,104.2,106,107.8,109.7,111.8,114,116.4,118.9,121.5,124.2,126.7,129.2,131.6,134,136.4,138.8
Kuwait,KWT,414,8.6,8.9,9.1,9.4,9.8,10.2,10.8,11.5,12.5,13.6,15.1,16.9,19,21.3,23.9,26.6,29.5,32.5,35.6,38.8,41.9,45,48,51,54.1,57.5,61.1,64.9,68.9,72.9,77,81,84.8,88.7,92.9,97.6,103,109,114.4,117.7,117.8,114.2,107.6,99.7,93.4,90.4,91.6,96.3,103.1,109.8,115.1,118.4,120.3,121.7,123.9,127.8,133.4,140.5,148.8,158.2,168.2,179.1,190.5,201.9,212.3,220.9
Kyrgyzstan,KGZ,417,9.1,9.2,9.4,9.5,9.7,9.9,10.2,10.4,10.7,11,11.3,11.7,12.1,12.5,13,13.4,13.8,14.3,14.7,15.1,15.5,15.8,16.2,16.5,16.8,17.2,17.5,17.8,18.1,18.5,18.8,19.2,19.6,20,20.4,20.8,21.2,21.7,22.1,22.5,22.8,23,23.2,23.4,23.6,23.8,24.1,24.5,25,25.3,25.7,25.9,26,26.1,26.3,26.5,26.7,27.1,27.4,27.8,28.3,28.7,29.2,29.6,30.1,30.6
Lao People's Democratic Republic,LAO,418,7.3,7.5,7.6,7.8,8,8.2,8.4,8.6,8.8,9,9.2,9.4,9.6,9.8,10.1,10.3,10.6,10.8,11.1,11.4,11.6,12,12.3,12.6,13,13.2,13.4,13.6,13.7,13.9,14.1,14.4,14.7,15.1,15.5,16,16.4,16.9,17.4,17.9,18.5,19,19.5,20,20.5,21,21.5,21.9,22.3,22.7,23.1,23.5,23.8,24.2,24.5,24.9,25.3,25.8,26.2,26.7,27.1,27.4,27.8,28.1,28.5,28.9
Latvia,LVA,428,31,31.1,31.3,31.5,31.8,32.2,32.6,32.9,33.4,33.8,34.2,34.7,35.1,35.6,36,36.4,36.8,37.2,37.6,37.9,38.2,38.6,38.9,39.2,39.5,39.7,39.9,40.1,40.2,40.4,40.5,40.7,40.8,41,41.2,41.5,41.8,42.2,42.6,42.8,42.8,42.6,42.1,41.5,40.9,40.3,39.9,39.4,39.1,38.7,38.3,37.9,37.5,37.1,36.6,36.2,35.8,35.3,34.9,34.5,34.1,33.6,33.2,32.8,32.4,32
Lebanon,LBN,422,130.5,132.8,136.1,140.3,144.9,149.8,154.8,160,165.3,170.8,176.4,182.3,188.2,194,199.5,204.5,208.9,212.6,216.1,220,224.6,230.1,236.2,242.5,247.8,251.8,254,254.8,254.6,254.4,254.7,255.7,257.3,259.2,260.7,261.6,261.7,261.2,260.9,261.6,264.2,269.1,275.8,283.6,290.8,296.5,300.2,302.3,304.4,308.6,316.3,328.4,344.4,361.8,377.6,389.7,396.6,399.5,401.9,408.9,424,448.5,480.6,515.7,547.7,572
Lesotho,LSO,426,24.2,24.5,24.9,25.2,25.6,25.9,26.3,26.7,27.1,27.6,28,28.5,29.1,29.6,30.2,30.8,31.4,32,32.7,33.3,34,34.7,35.5,36.2,37,37.9,38.9,39.9,41,42.1,43.2,44.3,45.4,46.5,47.5,48.5,49.4,50.2,51.1,51.9,52.8,53.8,54.9,56,57.1,58,58.9,59.6,60.3,61,61.6,62.1,62.7,63.2,63.7,64.2,64.7,65.3,65.9,66.5,67.2,68,68.8,69.7,70.7,71.6
Liberia,LBR,430,9.7,9.8,9.9,10.1,10.3,10.5,10.7,10.9,11.1,11.4,11.6,11.9,12.2,12.4,12.7,13,13.3,13.6,14,14.3,14.7,15.1,15.5,15.9,16.4,16.9,17.4,17.9,18.4,19,19.6,20.3,21.1,21.8,22.4,22.8,22.9,22.7,22.5,22.1,21.8,21.4,21,20.8,20.9,21.5,22.7,24.5,26.5,28.4,29.9,31.1,31.8,32.4,33,33.9,35,36.5,38,39.6,41,42.3,43.4,44.5,45.6,46.7
Libya,LBY,434,0.6,0.6,0.7,0.7,0.7,0.7,0.7,0.7,0.8,0.8,0.8,0.9,0.9,0.9,0.9,1,1,1.1,1.1,1.2,1.2,1.3,1.3,1.4,1.4,1.5,1.6,1.6,1.7,1.8,1.8,1.9,2,2.1,2.1,2.2,2.3,2.3,2.4,2.5,2.5,2.6,2.6,2.7,2.8,2.8,2.9,2.9,3,3,3,3.1,3.1,3.2,3.2,3.3,3.3,3.4,3.4,3.5,3.5,3.5,3.5,3.5,3.5,3.5
Liechtenstein,LIE,438,86,87.1,88.3,89.6,91.1,92.7,94.5,96.4,98.5,100.8,103.1,105.6,108.1,110.7,113.6,116.6,119.7,123.1,126.5,129.8,132.9,135.8,138.4,141,143.6,146.5,149.5,152.8,156,159,161.7,163.9,165.7,167.3,168.8,170.4,172,173.8,175.6,177.5,179.7,181.9,184.4,187,189.8,192.7,195.8,199,202.2,205.3,208,210.4,212.6,214.5,216.2,217.8,219.3,220.8,222.1,223.5,225,226.7,228.4,230.2,232,233.8
Lithuania,LTU,440,41,41,41.1,41.3,41.6,41.9,42.3,42.7,43.2,43.7,44.2,44.8,45.4,46.1,46.7,47.3,47.9,48.5,49,49.5,50,50.6,51.1,51.6,52.2,52.6,53.1,53.5,53.9,54.3,54.7,55.1,55.5,55.9,56.4,56.8,57.3,57.9,58.4,58.8,59,59,58.8,58.6,58.2,57.9,57.5,57.1,56.7,56.3,55.9,55.4,55,54.5,53.9,53.4,52.7,52,51.3,50.6,49.8,49.1,48.5,47.8,47.3,46.8
Luxembourg,LUX,442,114.3,114.9,115.6,116.4,117.2,117.9,118.5,119.1,119.8,120.5,121.5,122.6,123.8,125.1,126.4,127.5,128.3,129,129.7,130.3,131.1,132.1,133.2,134.4,135.6,136.7,137.7,138.6,139.4,140.1,140.6,140.8,141,141,141.2,141.7,142.3,143.3,144.4,145.8,147.4,149.2,151.1,153.2,155.4,157.6,159.8,162.2,164.4,166.5,168.4,170,171.3,172.7,174.4,176.8,179.8,183.3,187.3,191.6,196.1,200.7,205.6,210.3,214.8,218.8
Madagascar,MDG,450,7,7.2,7.3,7.5,7.6,7.8,8,8.2,8.4,8.6,8.8,9,9.2,9.4,9.7,9.9,10.2,10.4,10.7,11,11.3,11.6,11.9,12.3,12.6,13,13.4,13.7,14.1,14.6,15,15.4,15.9,16.3,16.8,17.3,17.8,18.3,18.8,19.4,19.9,20.5,21.1,21.8,22.5,23.2,23.9,24.7,25.5,26.3,27.1,27.9,28.8,29.7,30.6,31.5,32.5,33.4,34.4,35.4,36.4,37.4,38.4,39.5,40.5,41.7
Malawi,MWI,454,31.3,31.9,32.5,33.1,33.8,34.5,35.2,36,36.7,37.5,38.4,39.2,40.1,41.1,42,43,44.1,45.2,46.4,47.6,48.8,50.2,51.5,53,54.5,56.1,57.9,59.7,61.6,63.5,65.4,67.1,68.8,70.7,73.1,76.5,80.9,86.1,91.6,96.5,100.1,102.3,103.2,103.5,103.9,105.1,107.2,110.1,113.5,117.1,120.7,124.1,127.4,130.9,134.5,138.3,142.4,146.8,151.4,156.1,160.9,165.8,170.7,175.8,181,186.4
Malaysia,MYS,458,18.6,19.1,19.6,20.2,20.8,21.4,22.1,22.7,23.4,24.1,24.8,25.6,26.5,27.3,28.2,29,29.8,30.6,31.3,32.1,32.9,33.7,34.5,35.3,36.1,37,38,38.9,39.9,41,42,43,44,45.1,46.2,47.5,48.8,50.3,51.8,53.4,54.9,56.4,57.9,59.3,60.8,62.4,64,65.6,67.3,69,70.6,72.1,73.7,75.1,76.6,78.1,79.6,81,82.5,84,85.6,87.2,88.8,90.4,92,93.5
Maldives,MDV,462,245.7,247.4,250.6,255,260.1,265.7,271.7,278.1,284.8,292,299.6,307.8,316.5,325.3,334,342.6,350.6,358.5,366.5,375.5,385.9,397.9,411.5,426,440.7,455.1,468.9,482.5,496.3,511.3,528,546.5,566.5,587.9,609.8,632.1,654.5,677.1,699.6,722,744.1,765.8,787.3,808.2,828.1,846.9,864.4,880.9,897.4,914.9,934.6,956.8,981.1,1007.4,1034.7,1062.8,1091.2,1120.2,1150.2,1181.7,1215,1250.4,1287.3,1324.7,1360.8,1394.7
Mali,MLI,466,3.9,3.9,3.9,4,4,4.1,4.1,4.2,4.2,4.3,4.3,4.4,4.4,4.5,4.5,4.6,4.6,4.7,4.7,4.8,4.9,5,5,5.1,5.2,5.3,5.4,5.5,5.6,5.7,5.8,5.9,6.1,6.2,6.3,6.4,6.5,6.6,6.7,6.8,6.9,7.1,7.3,7.5,7.7,7.9,8.1,8.3,8.5,8.7,9,9.3,9.5,9.8,10.2,10.5,10.8,11.2,11.6,12,12.4,12.7,13.1,13.5,13.9,14.3
Malta,MLT,470,975,975.9,977.5,978.8,979.3,978.5,976.7,974.4,972.5,971.9,973.5,977.9,984.5,992,998.7,1003.2,1005,1004.7,1003.1,1001.3,1000.3,1000.2,1001,1002.7,1005.3,1008.8,1013.4,1019,1025.6,1033.2,1041.5,1050.6,1060.4,1070.7,1081.1,1091.2,1101.1,1110.6,1119.9,1129.3,1138.8,1148.5,1158.3,1168.1,1178.1,1188.5,1199.1,1210,1220.6,1230.6,1239.6,1247.4,1254.1,1260,1265.6,1271.2,1276.8,1282.3,1287.9,1293.9,1300.3,1307.4,1315,1322.6,1329.9,1336.3
Marshall Islands,MHL,584,72.2,73.5,74.7,75.7,76.6,77.2,77.7,78.2,78.9,79.9,81.5,83.6,86.4,89.5,92.8,96,99.1,102.2,105.3,109,113.3,118.4,124.1,130.2,136.3,142.1,147.5,152.6,157.8,163.4,169.9,177.2,185.2,193.8,203.1,213,223.4,234.2,244.8,254.5,262.8,269.3,274.3,278,281,283.4,285.6,287.2,288.5,289.3,289.8,289.9,289.8,289.5,289.3,289.2,289.3,289.7,290.1,290.7,291.3,291.9,292.6,293.3,293.9,294.4
Martinique,MTQ,474,209.4,211.7,215.4,220.1,225.6,231.8,238.4,245.2,252.1,259,265.7,272.2,278.3,283.9,289,293.5,297.3,300.5,303,305,306.6,307.9,308.8,309.3,309.5,309.3,308.6,307.7,306.9,306.5,307,308.5,310.8,313.8,317.1,320.6,324.3,328.1,331.8,335.2,338.2,340.5,342.2,343.8,345.5,347.9,350.9,354.4,358.2,361.8,365.1,367.9,370.3,372.2,373.6,374.6,375.1,375.1,374.6,373.8,372.6,371,369,367,365.3,364
Mauritania,MRT,478,0.6,0.7,0.7,0.7,0.7,0.7,0.7,0.8,0.8,0.8,0.8,0.9,0.9,0.9,0.9,1,1,1,1.1,1.1,1.1,1.1,1.2,1.2,1.3,1.3,1.3,1.4,1.4,1.4,1.5,1.5,1.6,1.6,1.7,1.7,1.8,1.8,1.9,1.9,2,2,2.1,2.1,2.2,2.3,2.3,2.4,2.5,2.6,2.6,2.7,2.8,2.9,3,3,3.1,3.2,3.3,3.4,3.5,3.6,3.7,3.8,3.9,4.1
Mauritius,MUS,480,243,249.5,256.7,264.6,272.7,281.1,289.6,298.3,307,316,325.1,334.5,344,353.4,362.5,371.1,379.1,386.6,393.7,400.5,407.1,413.6,419.9,426.2,432.7,439.5,446.8,454.3,462,469.3,475.9,481.8,487.1,491.9,496.3,500.4,504.1,507.5,511,515.1,520.1,526.3,533.5,541.2,548.8,556,562.5,568.5,574,579.1,583.8,588.1,592,595.6,598.9,602,605,607.8,610.5,612.8,614.8,616.3,617.4,618.4,619.3,620.4
Mayotte,MYT,175,40.4,41.9,43.8,46,48.3,50.6,53.1,55.6,58.2,61,64,67.3,70.8,74.3,77.9,81.4,84.8,88,91.3,94.8,98.6,102.7,107.2,111.9,116.6,121.3,125.8,130.4,135.2,140.7,147,154.4,162.8,172,181.9,192.3,203.2,214.5,226.5,239.2,252.8,267.1,282.2,297.7,313.2,328.5,343.4,357.9,372.2,386.5,400.9,415.3,429.9,444.6,459.6,474.9,490.7,506.9,523.4,540,556.6,573.1,589.7,606.3,623,640.1
Mexico,MEX,484,14.4,14.8,15.3,15.8,16.3,16.8,17.3,17.9,18.4,19,19.6,20.3,20.9,21.6,22.3,23,23.7,24.4,25.2,25.9,26.8,27.6,28.5,29.5,30.4,31.3,32.2,33.1,34,34.8,35.7,36.5,37.3,38.2,39,39.8,40.6,41.4,42.2,43.1,43.9,44.8,45.7,46.6,47.5,48.4,49.2,50,50.8,51.6,52.3,53,53.7,54.3,55,55.8,56.6,57.5,58.5,59.4,60.4,61.3,62.2,63,63.9,64.8
Micronesia (Fed. States of),FSM,583,45.7,47.7,49.4,51,52.5,54.1,55.8,57.7,59.6,61.6,63.6,65.7,67.7,69.8,72.1,74.6,77.4,80.5,83.4,86,87.8,88.7,89,89,89.3,90.2,92,94.4,97.5,100.8,104.2,107.8,111.5,115.3,118.9,122.4,125.6,128.6,131.5,134.4,137.6,141.1,144.9,148.5,151.5,153.7,154.8,155,154.6,154,153.5,153.1,152.8,152.6,152.3,151.7,151,150.1,149.3,148.5,148,147.8,147.9,148.1,148.6,149.2
Monaco,MCO,492,13420.1,13004.7,12800.7,12787.2,12928.9,13191.3,13545,13953.7,14361.7,14747.7,15068.5,15307.4,15462.4,15549,15594.6,15625.5,15640.9,15632.2,15640.3,15668.5,15761.1,15919.5,16141.6,16402,16667.8,16910.7,17129.5,17321.5,17508.1,17714.8,17949.7,18230.9,18539.6,18855.7,19135.6,19352.3,19490.6,19578.5,19620.8,19672.5,19757.7,19881.9,20042.3,20226.8,20420.8,20598,20783.2,20973.8,21156.4,21342.3,21531.5,21718.1,21898.7,22102.7,22358.4,22679.9,23092.6,23564.4,24062.4,24519.5,24895.3,25165.8,25357.7,25483.9,25591.9,25709.4
Mongolia,MNG,496,0.5,0.5,0.5,0.5,0.5,0.6,0.6,0.6,0.6,0.6,0.6,0.6,0.7,0.7,0.7,0.7,0.7,0.8,0.8,0.8,0.8,0.8,0.9,0.9,0.9,1,1,1,1,1.1,1.1,1.1,1.1,1.2,1.2,1.2,1.3,1.3,1.3,1.4,1.4,1.4,1.4,1.5,1.5,1.5,1.5,1.5,1.5,1.5,1.5,1.6,1.6,1.6,1.6,1.6,1.6,1.7,1.7,1.7,1.7,1.8,1.8,1.8,1.9,1.9
Montenegro,MNE,499,29.3,29.8,30.5,31.4,32.2,33,33.7,34.3,34.9,35.5,36.2,37,37.9,38.7,39.3,39.7,39.7,39.4,39,38.7,38.6,38.9,39.3,40,40.6,41.2,41.7,42,42.4,42.7,43.2,43.7,44.3,44.8,45.3,45.7,45.8,45.9,45.8,45.7,45.7,45.8,45.9,46,46.1,46.1,46.1,46,45.8,45.7,45.6,45.6,45.6,45.7,45.7,45.8,45.9,46.1,46.2,46.3,46.4,46.5,46.6,46.6,46.7,46.7
Montserrat,MSR,500,135.2,141.3,144.9,146.3,145.5,143,139,134.2,129.2,124.6,121,118.8,118,118.1,118.4,118.4,118.1,117.6,117,116.5,116.3,116.4,116.6,116.9,117.3,117.8,118.3,118.8,119.2,119.4,119.2,118.5,117.5,116.1,114.6,113.2,111.8,110.3,108.9,107.9,107.3,107.7,108.5,108.9,107.2,102.3,93.8,82.2,69.4,57.9,49.6,45.1,43.8,44.7,46.4,47.8,48.5,48.9,49.1,49.2,49.4,49.9,50.3,50.7,51,51.2
Morocco,MAR,504,20.1,20.7,21.3,22,22.8,23.5,24.3,25.1,25.9,26.8,27.6,28.5,29.3,30.2,31,31.9,32.7,33.5,34.3,35.1,35.9,36.6,37.4,38.2,39,39.9,40.8,41.8,42.8,43.8,44.9,46,47.1,48.2,49.4,50.5,51.6,52.7,53.7,54.7,55.7,56.8,57.8,58.8,59.8,60.7,61.5,62.3,63.1,63.9,64.6,65.4,66.1,66.9,67.6,68.4,69.2,70,70.8,71.7,72.6,73.6,74.7,75.8,76.9,78
Mozambique,MOZ,508,7.8,7.9,8.1,8.2,8.4,8.5,8.7,8.9,9,9.2,9.4,9.6,9.8,10,10.2,10.4,10.7,10.9,11.1,11.4,11.7,11.9,12.2,12.5,12.8,13.2,13.5,13.9,14.3,14.7,15.1,15.4,15.8,16.1,16.3,16.5,16.6,16.6,16.5,16.6,16.8,17.3,17.9,18.6,19.4,20,20.7,21.2,21.8,22.4,23,23.6,24.3,25.1,25.8,26.6,27.4,28.2,29.1,29.9,30.8,31.7,32.7,33.6,34.6,35.6
Myanmar,MMR,104,26.3,26.7,27.2,27.8,28.3,28.9,29.5,30.1,30.8,31.4,32.1,32.8,33.5,34.2,35,35.8,36.7,37.5,38.5,39.4,40.4,41.4,42.4,43.4,44.4,45.5,46.6,47.7,48.8,49.9,51.1,52.3,53.4,54.6,55.8,57,58.1,59.2,60.3,61.3,62.2,63.1,63.8,64.6,65.4,66.2,67,67.9,68.8,69.7,70.6,71.4,72.2,72.9,73.6,74.2,74.8,75.3,75.7,76.2,76.8,77.4,78,78.8,79.5,80.2
Namibia,NAM,516,0.6,0.6,0.6,0.6,0.6,0.7,0.7,0.7,0.7,0.7,0.7,0.7,0.8,0.8,0.8,0.8,0.9,0.9,0.9,0.9,0.9,1,1,1,1.1,1.1,1.1,1.2,1.2,1.2,1.2,1.3,1.3,1.3,1.3,1.4,1.4,1.5,1.6,1.7,1.7,1.8,1.8,1.9,2,2,2.1,2.1,2.2,2.3,2.3,2.3,2.4,2.4,2.4,2.5,2.5,2.5,2.6,2.6,2.6,2.7,2.7,2.8,2.9,2.9
Nauru,NRU,520,147.7,152.9,159.7,166.9,174.1,181,187.8,195,202.6,211.6,221.7,233.8,247.4,261.4,275,287,296.7,305.2,311.9,318.6,324.8,330.9,337.2,343.2,348.6,353.4,357.5,361.6,365.5,369.9,374.4,379.6,385.9,392.7,400.3,408.7,417.7,427.7,437.8,447.7,457.8,467.4,477.3,486,492.9,498.5,501.5,502.9,502.3,502,501.9,502.6,504,505.3,506.3,505.7,503.6,500.1,497.4,497.3,501.3,510.4,523.9,539.5,553.5,563
Nepal,NPL,524,59.2,60.4,61.6,62.7,63.8,64.8,65.9,67,68,69.1,70.2,71.3,72.4,73.6,74.8,76.1,77.5,78.9,80.5,82,83.7,85.4,87.2,89,91,93,95,97.1,99.3,101.6,104,106.4,108.9,111.4,114,116.7,119.3,121.9,124.7,127.6,130.8,134.3,137.9,141.8,145.6,149.3,152.8,156.2,159.4,162.6,165.6,168.6,171.4,174.1,176.6,178.9,181,182.9,184.7,186.5,188.5,190.6,192.9,195.2,197.6,199.9
Netherlands,NLD,528,297.8,301.5,305.4,309.4,313.5,317.6,321.8,326.1,330.5,335,339.5,344.2,349,353.7,358.5,363.2,367.9,372.4,376.8,381.2,385.6,389.9,394.2,398.3,402.2,405.8,409,412,414.7,417.2,419.6,421.8,423.9,426,428.2,430.4,432.9,435.4,438.1,440.9,443.8,446.8,449.8,452.8,455.8,458.7,461.5,464.3,467,469.6,472.3,475,477.8,480.5,483,485.4,487.6,489.5,491.4,493.1,494.7,496.4,497.9,499.4,500.9,502.3
New Caledonia,NCL,540,3.5,3.5,3.5,3.6,3.6,3.7,3.8,3.9,4,4.1,4.3,4.4,4.6,4.7,4.8,5,5.1,5.3,5.4,5.6,5.8,6,6.3,6.6,6.9,7.1,7.3,7.5,7.7,7.8,7.9,8.1,8.2,8.3,8.4,8.5,8.7,8.8,8.9,9.1,9.3,9.5,9.7,9.9,10.2,10.4,10.7,10.9,11.2,11.4,11.6,11.9,12.1,12.3,12.5,12.7,12.9,13.1,13.3,13.5,13.7,13.9,14.1,14.3,14.5,14.7
New Zealand,NZL,554,7.2,7.4,7.6,7.7,7.9,8.1,8.3,8.5,8.6,8.8,9,9.2,9.4,9.6,9.8,10,10.1,10.3,10.4,10.5,10.7,10.9,11.1,11.4,11.6,11.7,11.8,11.9,11.9,11.9,12,12,12.1,12.2,12.3,12.4,12.5,12.6,12.7,12.8,12.9,13.1,13.3,13.5,13.8,14,14.1,14.3,14.4,14.5,14.7,14.8,15.1,15.3,15.5,15.7,15.9,16.1,16.2,16.4,16.6,16.8,17,17.2,17.3,17.5
Nicaragua,NIC,558,10.8,11.1,11.4,11.8,12.1,12.5,13,13.4,13.8,14.3,14.7,15.2,15.7,16.2,16.6,17.1,17.7,18.2,18.8,19.3,19.9,20.5,21.2,21.9,22.5,23.2,24,24.7,25.5,26.2,27,27.8,28.5,29.3,30.1,30.8,31.6,32.3,33,33.7,34.4,35.2,36,36.8,37.6,38.3,39.1,39.8,40.5,41.1,41.8,42.4,43,43.6,44.1,44.7,45.3,45.9,46.5,47.1,47.7,48.3,48.8,49.4,50,50.5
Niger,NER,562,2,2.1,2.1,2.2,2.3,2.3,2.4,2.5,2.5,2.6,2.7,2.8,2.8,2.9,3,3.1,3.2,3.3,3.4,3.5,3.6,3.7,3.8,3.9,4,4.1,4.2,4.3,4.5,4.6,4.7,4.9,5,5.2,5.3,5.5,5.6,5.8,6,6.1,6.3,6.5,6.7,7,7.2,7.5,7.8,8,8.3,8.6,9,9.3,9.6,10,10.4,10.8,11.2,11.6,12,12.5,13,13.5,14,14.5,15.1,15.7
Nigeria,NGA,566,41.6,42.2,42.9,43.6,44.3,45.1,45.9,46.8,47.7,48.6,49.6,50.6,51.6,52.7,53.9,55,56.2,57.5,58.7,60.1,61.5,62.9,64.4,66,67.7,69.6,71.6,73.8,76.1,78.4,80.7,82.9,85.1,87.2,89.5,91.8,94.2,96.7,99.3,101.9,104.6,107.3,110,112.8,115.7,118.6,121.6,124.6,127.8,131,134.3,137.8,141.3,144.9,148.7,152.6,156.6,160.8,165.1,169.5,174.1,178.8,183.7,188.7,193.7,198.9
Niue,NIU,570,18,18,18,18,18,18.1,18.1,18.2,18.3,18.4,18.6,18.8,19,19.2,19.4,19.6,19.8,20,20.1,20.1,19.8,19.1,18.2,17.1,16.1,15.3,14.6,14.2,13.8,13.5,13.1,12.6,12,11.5,10.9,10.5,10,9.7,9.4,9.2,9,8.8,8.7,8.6,8.5,8.3,8.2,8,7.7,7.5,7.3,7.1,6.9,6.8,6.6,6.5,6.4,6.4,6.3,6.3,6.3,6.3,6.2,6.2,6.2,6.3
Northern Mariana Islands,MNP,580,15.2,15.4,15.7,16.1,16.7,17.4,18.3,19.2,20.2,21.1,21.8,22.4,22.8,23.2,23.6,24.1,24.9,25.7,26.6,27.6,28.5,29.5,30.5,31.5,32.3,32.9,33.1,33.2,33.4,34.5,36.8,40.4,45.3,51.1,57.2,63.2,69.1,75,80.7,86.5,92.5,98.4,104.2,110,116,122.3,129.1,135.9,142.3,147.3,150.2,150.8,149.5,146.6,142.7,138.6,134.1,129.4,124.9,121,118.3,116.9,116.8,117.5,118.4,119.2
Norway,NOR,578,8.9,9,9.1,9.2,9.3,9.4,9.5,9.6,9.6,9.7,9.8,9.9,10,10,10.1,10.2,10.3,10.4,10.4,10.5,10.6,10.7,10.8,10.8,10.9,11,11,11.1,11.1,11.2,11.2,11.2,11.3,11.3,11.3,11.4,11.4,11.5,11.5,11.6,11.6,11.7,11.8,11.8,11.9,12,12,12.1,12.2,12.2,12.3,12.4,12.4,12.5,12.6,12.7,12.8,12.9,13.1,13.2,13.4,13.5,13.7,13.9,14.1,14.2
Oman,OMN,512,1.5,1.5,1.5,1.5,1.6,1.6,1.6,1.7,1.7,1.7,1.8,1.8,1.9,1.9,2,2,2.1,2.1,2.2,2.3,2.3,2.4,2.5,2.6,2.7,2.8,3,3.2,3.3,3.5,3.7,3.9,4.2,4.4,4.6,4.8,5,5.2,5.4,5.6,5.9,6.1,6.4,6.7,6.9,7.1,7.2,7.3,7.3,7.3,7.3,7.4,7.5,7.7,7.9,8.1,8.3,8.6,8.9,9.3,9.8,10.5,11.2,12,12.8,13.6
Pakistan,PAK,586,48.7,49.3,49.9,50.7,51.5,52.4,53.4,54.5,55.7,56.9,58.3,59.7,61.1,62.7,64.3,66,67.7,69.5,71.4,73.3,75.4,77.4,79.6,81.8,84.2,86.6,89.3,92,94.9,98,101.3,104.7,108.2,111.9,115.7,119.6,123.6,127.6,131.6,135.7,139.7,143.6,147.6,151.4,155.4,159.3,163.4,167.5,171.6,175.7,179.7,183.7,187.6,191.6,195.6,199.7,203.8,208,212.3,216.7,221.3,226,230.8,235.7,240.7,245.7
Palau,PLW,585,16.2,16.3,16.6,16.9,17.4,17.9,18.5,19.1,19.8,20.3,21,21.5,22.1,22.6,23,23.4,23.8,24.1,24.4,24.6,25,25.3,25.8,26.2,26.5,26.7,26.7,26.6,26.4,26.4,26.5,26.9,27.5,28.3,29.1,29.8,30.4,31,31.5,32.1,32.8,33.6,34.6,35.5,36.5,37.5,38.5,39.4,40.3,41,41.7,42.2,42.6,42.8,43.1,43.3,43.5,43.7,44,44.2,44.5,44.8,45.1,45.5,45.9,46.3
Panama,PAN,591,11.6,11.9,12.2,12.5,12.8,13.2,13.6,14,14.4,14.8,15.2,15.7,16.2,16.7,17.2,17.7,18.2,18.7,19.3,19.9,20.4,21,21.6,22.2,22.9,23.5,24.1,24.7,25.3,26,26.6,27.3,27.9,28.5,29.2,29.9,30.5,31.2,31.9,32.5,33.2,33.9,34.7,35.4,36.1,36.9,37.6,38.4,39.2,40,40.8,41.6,42.4,43.2,44,44.8,45.6,46.5,47.3,48.1,49,49.9,50.8,51.6,52.5,53.4
Papua New Guinea,PNG,598,3.7,3.8,3.8,3.9,4,4,4.1,4.2,4.3,4.4,4.4,4.5,4.6,4.7,4.8,4.9,5.1,5.2,5.3,5.4,5.6,5.7,5.9,6,6.2,6.4,6.5,6.7,6.9,7.1,7.3,7.5,7.7,7.9,8.2,8.4,8.6,8.8,9.1,9.3,9.5,9.8,10,10.3,10.5,10.8,11.1,11.4,11.7,12,12.3,12.6,12.9,13.3,13.6,13.9,14.3,14.6,15,15.3,15.7,16.1,16.4,16.8,17.1,17.5
Paraguay,PRY,600,3.7,3.8,3.9,4,4.1,4.2,4.3,4.4,4.5,4.7,4.8,4.9,5,5.2,5.3,5.5,5.6,5.8,5.9,6.1,6.2,6.4,6.5,6.7,6.9,7,7.2,7.4,7.6,7.8,8,8.2,8.5,8.7,9,9.2,9.5,9.8,10.1,10.3,10.6,10.9,11.2,11.4,11.7,12,12.3,12.5,12.8,13.1,13.3,13.6,13.9,14.1,14.4,14.6,14.8,15,15.2,15.4,15.6,15.8,16.1,16.3,16.5,16.7
Peru,PER,604,6,6.2,6.4,6.5,6.7,6.9,7,7.2,7.4,7.6,7.9,8.1,8.3,8.6,8.8,9.1,9.3,9.6,9.9,10.1,10.4,10.7,11,11.3,11.6,11.9,12.2,12.5,12.9,13.2,13.6,13.9,14.2,14.6,14.9,15.3,15.6,16,16.3,16.7,17.1,17.4,17.8,18.1,18.5,18.8,19.1,19.4,19.7,20,20.2,20.5,20.8,21,21.3,21.6,21.8,22.1,22.4,22.7,22.9,23.2,23.6,23.9,24.2,24.5
Philippines,PHL,608,62.3,64.5,66.9,69.3,71.8,74.4,77,79.7,82.4,85.2,88.1,91.1,94.2,97.3,100.5,103.7,106.9,110.1,113.3,116.7,120.1,123.6,127.2,130.9,134.7,138.5,142.4,146.4,150.5,154.7,159,163.4,167.9,172.6,177.3,182.2,187.2,192.2,197.4,202.5,207.8,213,218.2,223.5,228.9,234.2,239.6,245,250.5,256,261.6,267.2,272.8,278.5,284,289.3,294.5,299.5,304.4,309.3,314.3,319.5,324.9,330.3,335.7,341.1
Poland,POL,616,81.1,82.6,84.1,85.8,87.4,89,90.7,92.3,93.8,95.3,96.7,98,99.2,100.4,101.4,102.4,103.3,104.2,105,105.8,106.6,107.4,108.2,109.1,110,110.9,111.9,112.9,113.9,115,116,117.1,118.3,119.4,120.4,121.2,122,122.6,123.1,123.5,123.9,124.3,124.7,125.1,125.3,125.6,125.7,125.8,125.9,125.9,125.9,125.8,125.7,125.5,125.4,125.3,125.2,125.2,125.2,125.2,125.1,125.1,125.1,125.1,125,125
Portugal,PRT,620,91.9,92.1,92.6,93.2,93.9,94.7,95.3,95.9,96.4,96.8,97.1,97.4,97.6,97.7,97.6,97.3,96.8,96.1,95.4,95,95,95.5,96.5,97.8,99.3,100.7,102.1,103.5,104.9,106.1,107.1,107.8,108.4,108.7,108.9,109,109,108.9,108.7,108.6,108.7,108.9,109.3,109.8,110.3,110.8,111.3,111.7,112.2,112.6,113.1,113.5,114,114.5,114.9,115.4,115.7,116.1,116.3,116.4,116.3,116,115.5,114.9,114.3,113.8
Puerto Rico,PRI,630,250.1,249.1,249.4,250.4,251.8,253.4,255.1,256.9,259.1,261.9,265.6,270.1,275.3,280.9,286.1,290.6,294.2,297,299.5,302.2,305.5,309.6,314.2,319.4,324.9,330.5,336.4,342.4,348.3,354.1,359.4,364.2,368.6,372.6,376.3,379.9,383.3,386.6,389.8,393.1,396.6,400.4,404.4,408.4,412.3,416,419.3,422.4,425,426.9,428.1,428.4,428,427,425.7,424.5,423.3,422.2,421.2,420.1,419,417.9,416.9,415.9,415,414.2
Qatar,QAT,634,2.2,2.4,2.6,2.8,2.9,3.1,3.2,3.4,3.6,3.8,4.1,4.4,4.8,5.3,5.8,6.3,6.9,7.4,8,8.7,9.4,10.3,11.2,12.3,13.2,14.2,15,15.7,16.5,17.7,19.3,21.4,23.9,26.7,29.4,32,34.3,36.4,38.2,39.8,41,42,42.7,43.2,43.7,44.2,45,46,47.4,49,51,53.1,55.6,59.3,65.4,74.5,87,102.5,119.7,137,153.3,168.1,181.7,193.8,204.5,213.7
Republic of Korea,KOR,410,197.6,200.1,203.9,208.9,214.8,221.4,228.8,236.5,244.6,252.7,260.6,268.4,275.9,283.1,290.2,297.3,304.3,311.1,317.9,324.6,331.3,338,344.7,351.4,357.8,363.9,369.7,375.2,380.5,385.9,391.3,397.1,403,408.8,414.5,419.7,424.5,428.8,432.9,437.1,441.5,446.1,451,456,461,465.9,470.6,475.2,479.6,483.6,487.4,490.7,493.7,496.4,498.8,501,502.9,504.6,506.2,507.9,509.6,511.6,513.8,516,518.2,520.4
Republic of Moldova,MDA,498,71.3,72.5,74,75.8,77.8,80,82.2,84.5,86.8,89.2,91.4,93.6,95.8,97.8,99.7,101.5,103.3,104.9,106.4,107.9,109.4,111,112.5,114.1,115.5,116.9,118,119,120,121,122.1,123.2,124.5,125.8,127.1,128.3,129.5,130.6,131.5,132.3,132.8,133.1,133.2,133,132.6,132.1,131.3,130.4,129.5,128.6,127.9,127.4,127.1,127,126.8,126.6,126.2,125.7,125.2,124.7,124.3,124.1,124,124,123.9,123.8
Réunion,REU,638,99.2,103.7,107.4,110.6,113.6,116.7,119.8,123.2,126.8,130.5,134.3,138.2,142.2,146.4,151.1,156.3,162.1,168.4,174.7,180.3,184.8,188,190.2,191.6,192.7,193.9,195.3,196.9,198.8,201,203.7,207,210.8,215,219.3,223.5,227.6,231.6,235.6,239.8,244.2,249,253.9,259,264.2,269.4,274.6,279.7,284.8,289.8,294.7,299.5,304.1,308.6,312.7,316.6,320.2,323.5,326.5,329.4,332.2,334.9,337.6,340.2,342.7,345.3
Romania,ROU,642,70.5,71.7,72.8,73.9,74.9,76,77,78.1,79.1,80,80.9,81.6,82.2,82.8,83.4,84.2,85.1,86.1,87.1,88.2,89.3,90.3,91.3,92.3,93.2,94.1,95,95.9,96.8,97.6,98.2,98.8,99.2,99.6,100,100.4,100.8,101.3,101.7,102,102.1,101.9,101.5,101,100.4,99.8,99.1,98.3,97.6,96.8,96.1,95.5,95,94.4,93.8,93.1,92.3,91.4,90.5,89.6,88.8,88.2,87.6,87.2,86.8,86.4
Russian Federation,RUS,643,6.3,6.4,6.5,6.6,6.7,6.8,6.9,7,7.1,7.2,7.3,7.4,7.5,7.6,7.7,7.7,7.8,7.8,7.9,7.9,7.9,8,8,8.1,8.1,8.2,8.2,8.3,8.3,8.4,8.4,8.5,8.5,8.6,8.7,8.7,8.8,8.9,8.9,9,9,9,9.1,9.1,9.1,9.1,9,9,9,9,8.9,8.9,8.9,8.8,8.8,8.8,8.8,8.7,8.7,8.7,8.7,8.7,8.8,8.8,8.8,8.8
Rwanda,RWA,646,88.6,91.2,93.8,96.4,99.3,102.4,105.7,109.2,112.7,116,118.9,121.4,123.7,125.8,128.2,131,134.5,138.6,143,147.6,152.2,156.8,161.5,166.3,171.3,176.7,182.4,188.4,194.7,201.4,208.4,215.4,222.5,230,238.4,248.1,259.7,272.9,285,292.5,293.3,285.8,271.7,255.4,243.4,240.3,247.9,264.4,286.2,307.8,325.3,337.6,346,351.9,357.5,364.5,373.2,383,393.5,404.4,415.4,426.3,437.3,448.5,459.9,471.4
Saint Helena,SHN,654,12.7,12.8,12.9,12.8,12.8,12.7,12.6,12.5,12.4,12.3,12.2,12.1,12,11.9,11.9,11.9,11.9,12,12.2,12.3,12.5,12.7,12.9,13,13.2,13.3,13.4,13.4,13.5,13.6,13.7,13.8,13.9,14.1,14.2,14.3,14.4,14.4,14.3,14.3,14.2,14.1,13.9,13.8,13.7,13.6,13.5,13.5,13.4,13.3,13.1,12.7,12.3,11.8,11.3,11,10.8,10.7,10.7,10.7,10.7,10.6,10.6,10.5,10.4,10.3
Saint Kitts and Nevis,KNA,659,177.1,177.5,178.8,181,183.6,186.5,189.4,192.1,194.4,196,196.9,196.9,196,194.3,192,189.3,186,182.2,178.5,175.1,172.6,171.1,170.5,170.4,170.5,170.3,169.8,169,168.1,167.1,166.2,165.3,164.5,163.6,162.7,161.6,160.4,159,157.9,157.1,157.1,157.7,159.1,160.9,163,165,166.8,168.6,170.5,172.4,174.5,176.9,179.4,181.9,184.5,187,189.3,191.5,193.6,195.7,197.9,200,202.3,204.5,206.7,208.8
Saint Lucia,LCA,662,135.7,137.5,139,140.1,141.2,142.1,142.9,143.8,144.8,146,147.4,149,151,153.1,155.4,157.9,160.5,163.2,165.9,168.4,170.8,172.8,174.5,176.2,177.9,179.9,182.3,185,187.8,190.6,193.4,196.1,198.6,201.2,204,207.2,210.9,214.8,218.9,222.9,226.5,229.8,232.7,235.4,238.1,241.1,244.3,247.7,251.1,254.4,257.3,259.8,261.9,263.9,266,268.4,271.2,274.2,277.4,280.4,282.9,285,286.6,288,289.2,290.5
Saint Pierre and Miquelon,SPM,666,19.9,20,20.1,20.3,20.4,20.5,20.7,20.9,21,21.2,21.4,21.5,21.6,21.8,21.9,22.2,22.4,22.7,23,23.4,23.7,24.1,24.5,25,25.3,25.6,25.8,25.9,26,26,26.1,26.2,26.3,26.3,26.4,26.6,26.7,26.9,27,27.2,27.3,27.4,27.4,27.4,27.4,27.4,27.4,27.4,27.3,27.3,27.3,27.3,27.2,27.2,27.2,27.2,27.2,27.2,27.3,27.3,27.3,27.3,27.3,27.3,27.3,27.3
Saint Vincent and the Grenadines,VCT,670,171.8,174.5,177.6,181,184.7,188.5,192.5,196.5,200.4,204.1,207.6,210.6,213.3,215.8,218.1,220.4,222.7,225,227.2,229.5,231.9,234.5,237.1,239.8,242.5,245.2,247.8,250.4,252.9,255.4,257.7,259.9,262.1,264.1,266,267.9,269.7,271.5,273.2,274.6,275.7,276.4,276.9,277.2,277.3,277.2,277.1,276.9,276.7,276.6,276.7,276.9,277.3,277.8,278.4,278.8,279.2,279.6,279.9,280.1,280.3,280.4,280.3,280.3,280.4,280.7
Samoa,WSM,882,29,29.8,30.7,31.5,32.4,33.3,34.2,35.2,36.2,37.2,38.4,39.6,40.9,42.2,43.6,44.9,46.2,47.4,48.6,49.7,50.6,51.4,52.1,52.6,53.1,53.5,53.8,54.2,54.4,54.7,55,55.3,55.6,56,56.3,56.5,56.7,56.9,57,57.2,57.5,58,58.5,59.1,59.6,60.1,60.5,60.8,61.1,61.4,61.7,62,62.4,62.8,63.2,63.6,64,64.4,64.9,65.3,65.8,66.3,66.9,67.4,67.9,68.5
San Marino,SMR,674,213,215.3,218.2,221.5,225.2,229.5,234.1,239.1,244.5,250.4,256.6,263.2,270,277,283.9,290.7,297.3,303.8,309.8,314.9,319,321.7,323.3,324.4,326,328.9,333,338.3,344.3,350.5,356,361.1,365.7,370.2,374.3,378.5,382.7,386.8,391.1,395.7,400.7,406.4,412.5,419,425.3,431.3,436.8,441.8,446.7,451.6,457,462.7,468.7,474.9,481.1,487.3,493.6,499.6,505.9,512.1,518.5,525.1,531.9,538.4,544.3,549.3
Sao Tome and Principe,STP,678,62.5,61.7,61,60.6,60.7,61.2,62.2,63.5,64.9,66.1,66.9,67.2,67.1,66.9,66.9,67.5,68.8,70.7,73,75.3,77.3,79.2,80.8,82.3,84,86,88.4,91.1,93.8,96.5,98.9,101,102.8,104.5,106.2,108,109.9,111.9,114,116.3,118.6,121.1,123.8,126.5,129.1,131.7,134.2,136.6,139,141.5,144.4,147.5,150.9,154.6,158.3,162.1,166,169.9,173.9,177.9,182.1,186.3,190.5,194.8,199.2,203.7
Saudi Arabia,SAU,682,1.5,1.5,1.5,1.6,1.6,1.7,1.7,1.7,1.8,1.8,1.9,2,2,2.1,2.2,2.3,2.3,2.4,2.5,2.6,2.7,2.8,3,3.1,3.3,3.5,3.6,3.8,4,4.3,4.5,4.8,5.1,5.5,5.8,6.1,6.5,6.8,7,7.3,7.6,7.8,8.1,8.3,8.5,8.7,8.9,9.1,9.2,9.4,9.7,9.9,10.2,10.5,10.8,11.1,11.4,11.7,12.1,12.4,12.8,13.1,13.5,13.9,14.3,14.7
Senegal,SEN,686,12.9,13.2,13.5,13.9,14.2,14.6,15,15.4,15.8,16.2,16.7,17.1,17.6,18.1,18.6,19.1,19.7,20.3,20.8,21.5,22.1,22.8,23.5,24.2,24.9,25.6,26.3,27,27.6,28.3,29,29.9,30.7,31.7,32.7,33.7,34.7,35.8,36.9,38.1,39.2,40.5,41.7,43,44.2,45.4,46.6,47.8,48.9,50.1,51.3,52.6,54,55.4,56.9,58.4,60,61.7,63.4,65.2,67.1,69.1,71.2,73.3,75.6,77.8
Serbia,SRB,688,77,78.4,79.6,80.8,81.8,82.7,83.6,84.3,85.1,85.7,86.4,87,87.7,88.3,89,89.6,90.2,90.8,91.4,92.1,92.8,93.6,94.5,95.3,96.2,97.2,98.1,99.1,100,100.9,101.9,102.7,103.6,104.4,105.1,105.8,106.4,106.9,107.4,108.1,108.8,109.8,110.9,112,112.8,113,112.7,111.9,110.7,109.5,108.5,107.6,106.9,106.4,105.9,105.4,104.9,104.5,104,103.6,103.2,102.8,102.4,102,101.6,101.2
Seychelles,SYC,690,79,80.2,81.4,82.5,83.6,84.6,85.5,86.5,87.5,88.8,90.3,92.2,94.4,96.8,99.2,101.7,104,106.3,108.7,111.1,113.8,116.8,119.8,123.1,126.3,129.5,132.7,135.9,138.9,141.6,144.1,146.3,148.2,149.8,151,151.8,152.2,152.2,152.2,152.5,153.5,155.4,158.1,161.1,164.1,166.7,168.9,170.6,172.1,174,176.4,179.5,183.1,186.8,190.2,192.9,194.9,196.3,197.1,197.9,198.7,199.6,200.6,201.7,202.7,203.8
Sierra Leone,SLE,694,28.3,28.6,28.9,29.2,29.5,29.9,30.3,30.6,31,31.4,31.8,32.3,32.7,33.2,33.7,34.3,34.8,35.4,36,36.6,37.3,38,38.8,39.7,40.6,41.5,42.4,43.4,44.5,45.5,46.6,47.7,48.8,50,51.3,52.6,54.2,55.9,57.5,58.9,59.7,60.1,60,59.7,59.3,59.2,59.3,59.6,60.3,61.5,63.2,65.7,68.7,72,75.4,78.4,81,83.3,85.4,87.4,89.5,91.6,93.7,95.9,98.1,100.3
Singapore,SGP,702,1460.1,1525.4,1599.9,1682.3,1771,1864.4,1960.7,2057.8,2153.6,2245.9,2333,2413.6,2487.7,2556.2,2620.7,2682.6,2741.8,2798.2,2852.7,2906.5,2960.4,3015.7,3072.2,3128.1,3180.6,3228.2,3269.8,3307.2,3344.9,3389.5,3445.3,3514.8,3596.5,3686.1,3777.1,3865.1,3948,4028,4109.8,4200.4,4304.2,4423.7,4556.3,4696.6,4836.2,4969.7,5094.5,5213.1,5330.6,5454.9,5591.4,5741.1,5901.7,6070.4,6242.9,6415.8,6588.4,6760.8,6930.2,7093.6,7248.9,7394.3,7529.9,7658.3,7783.3,7907.5
Sint Maarten (Dutch part),,534,44.1,49,52.9,56.2,59.1,62,65.1,68.3,72.4,77.3,83.3,90.5,99.2,108.7,119.6,131.2,144,157.8,172.3,186.9,201.9,216.9,232.2,247.9,264,281.1,298.9,317.6,337.7,360.3,385.2,412.3,441.2,474.1,513.3,559.6,614.6,676.7,739.9,795.9,839.7,868.6,885,892.3,896.2,901,907.4,915,922.8,929.9,935.9,941.2,946.5,951.4,954.8,956.8,956.4,954.1,954,959.8,974.2,999.3,1033.3,1071.7,1108.7,1139.7
Slovakia,SVK,703,71.5,73,74.6,76.2,77.8,79.3,80.8,82.2,83.6,84.9,86.1,87.3,88.4,89.4,90.3,91.2,91.9,92.5,93.1,93.7,94.4,95.1,96,96.9,97.8,98.8,99.9,100.9,102,103,103.9,104.8,105.5,106.2,106.8,107.4,108,108.6,109.1,109.5,110,110.4,110.8,111.2,111.5,111.8,112,112.1,112.2,112.2,112.3,112.3,112.3,112.3,112.3,112.3,112.3,112.3,112.3,112.3,112.4,112.5,112.6,112.8,113,113.1
Slovenia,SVN,705,73.1,73.6,74.1,74.6,75.2,75.8,76.5,77.1,77.7,78.2,78.8,79.3,79.7,80.1,80.5,80.9,81.3,81.6,82,82.4,82.9,83.5,84.2,84.9,85.7,86.5,87.4,88.2,89.2,90.1,91.2,92.2,93.4,94.5,95.6,96.6,97.5,98.2,98.9,99.3,99.6,99.7,99.6,99.3,99.1,98.9,98.8,98.7,98.7,98.7,98.7,98.7,98.7,98.8,98.9,99.1,99.5,100,100.5,101.1,101.5,102,102.3,102.6,102.8,103
Solomon Islands,SLB,90,3.2,3.3,3.4,3.4,3.5,3.6,3.8,3.9,4,4.1,4.2,4.3,4.5,4.6,4.7,4.9,5,5.2,5.4,5.5,5.7,5.9,6.2,6.4,6.7,6.9,7.2,7.4,7.7,8,8.2,8.5,8.8,9.1,9.4,9.7,10,10.2,10.5,10.8,11.1,11.5,11.8,12.1,12.5,12.8,13.2,13.6,14,14.3,14.7,15.1,15.6,16,16.4,16.8,17.2,17.6,18,18.4,18.9,19.3,19.7,20.1,20.6,21
Somalia,SOM,706,3.6,3.7,3.7,3.8,3.9,4,4.1,4.1,4.2,4.3,4.4,4.5,4.6,4.7,4.8,4.9,5,5.1,5.3,5.4,5.5,5.5,5.5,5.6,5.8,6.2,6.8,7.7,8.6,9.5,10.1,10.5,10.7,10.7,10.8,10.8,11,11.2,11.4,11.6,11.8,11.9,11.9,12,12.1,12.3,12.6,13,13.4,13.9,14.4,14.8,15.2,15.7,16.1,16.6,17.1,17.6,18.1,18.7,19.2,19.8,20.3,20.9,21.5,22.2
South Africa,ZAF,710,11.2,11.5,11.8,12.1,12.4,12.7,13,13.3,13.7,14,14.4,14.8,15.2,15.6,16,16.4,16.9,17.3,17.8,18.3,18.8,19.4,19.9,20.5,21,21.6,22.2,22.7,23.3,23.9,24.5,25.2,25.8,26.5,27.2,27.8,28.4,29,29.7,30.3,31,31.7,32.4,33.2,34,34.7,35.4,36,36.6,37.1,37.7,38.2,38.8,39.3,39.8,40.2,40.7,41.1,41.6,42,42.5,43.1,43.7,44.3,45,45.6
South Sudan,SSD,728,4.2,4.3,4.3,4.3,4.4,4.5,4.5,4.6,4.7,4.8,4.8,4.9,5,5.1,5.2,5.3,5.5,5.6,5.7,5.8,6,6.1,6.3,6.4,6.6,6.7,6.9,7.1,7.3,7.5,7.7,7.9,8.2,8.5,8.7,8.9,9.1,9.3,9.4,9.5,9.4,9.3,9.2,9,8.9,8.9,9.2,9.5,10,10.5,11,11.4,11.8,12.3,12.7,13.3,13.9,14.5,15.2,15.8,16.5,17.1,17.7,18.3,18.9,19.4
Spain,ESP,724,56.3,56.6,57,57.5,57.9,58.4,58.9,59.4,59.9,60.5,61.1,61.8,62.5,63.2,63.9,64.6,65.3,66,66.7,67.4,68.1,68.9,69.7,70.5,71.3,72.1,72.9,73.7,74.5,75.1,75.8,76.3,76.8,77.2,77.6,77.9,78.1,78.3,78.5,78.6,78.8,79,79.2,79.5,79.7,80,80.2,80.5,80.8,81.3,82,83,84.2,85.5,86.9,88.3,89.7,91,92.2,93.2,93.8,94,93.9,93.6,93.3,93
Sri Lanka,LKA,144,127.1,129.3,131.7,134.2,137,140,143.2,146.6,150.1,153.7,157.5,161.2,165.1,169,173,177.2,181.5,185.9,190.4,194.8,199.1,203.3,207.3,211.3,215.3,219.3,223.5,227.6,231.8,235.8,239.8,243.6,247.2,250.8,254.4,258,261.7,265.5,269.2,272.9,276.3,279.7,282.9,285.9,288.6,291,293,294.6,296.1,297.7,299.5,301.6,303.9,306.4,308.9,311.3,313.7,315.9,318.1,320.1,322.1,324,325.7,327.3,328.9,330.3
State of Palestine,PSE,275,154.8,153.4,154.8,157.6,160.9,164.1,166.8,169.2,171.4,174.1,177.6,182.2,187.5,192.6,196.4,197.9,196.8,193.5,189.5,186.8,186.8,190,196,203.8,212,219.5,226.1,232.2,238.1,244.1,250.7,257.9,265.7,274,282.8,292.1,301.8,312.1,323.2,335.4,349,363.9,379.9,397.1,415.5,434.8,455.4,476.9,498.3,518.1,535.4,549.6,561.3,571.6,582.1,594,607.9,623.2,639.9,657.5,675.6,694.2,713.4,733.3,753.7,774.6
Sudan,SDN,729,3.2,3.3,3.4,3.5,3.6,3.7,3.8,3.9,4,4.2,4.3,4.4,4.5,4.7,4.8,5,5.1,5.3,5.5,5.6,5.8,6,6.2,6.4,6.6,6.9,7.1,7.4,7.7,7.9,8.2,8.5,8.8,9.1,9.4,9.8,10.1,10.4,10.7,11,11.4,11.8,12.3,12.8,13.2,13.7,14,14.4,14.7,15.1,15.4,15.8,16.2,16.7,17.1,17.5,17.9,18.3,18.7,19.1,19.5,19.9,20.4,20.9,21.4,21.9
Suriname,SUR,740,1.4,1.4,1.5,1.5,1.6,1.6,1.7,1.7,1.8,1.8,1.9,1.9,2,2,2.1,2.1,2.2,2.2,2.3,2.4,2.4,2.4,2.4,2.4,2.3,2.3,2.3,2.3,2.3,2.3,2.3,2.3,2.3,2.3,2.4,2.4,2.4,2.5,2.5,2.6,2.6,2.7,2.7,2.8,2.8,2.8,2.9,2.9,3,3,3,3.1,3.1,3.1,3.2,3.2,3.2,3.3,3.3,3.3,3.4,3.4,3.4,3.5,3.5,3.5
Swaziland,SWZ,748,15.9,16.2,16.6,17,17.4,17.9,18.3,18.8,19.3,19.8,20.3,20.8,21.3,21.7,22.2,22.8,23.3,23.9,24.5,25.2,25.9,26.7,27.5,28.3,29.2,30.1,31,32,33,34,35.1,36.1,37.2,38.3,39.5,41,42.7,44.6,46.5,48.4,50.1,51.5,52.7,53.7,54.8,55.9,57.1,58.4,59.7,60.8,61.7,62.4,62.8,63.2,63.7,64.3,65.1,66.2,67.4,68.6,69.9,71.2,72.6,73.9,75.3,76.7
Sweden,SWE,752,17.1,17.2,17.4,17.5,17.6,17.7,17.8,17.9,18,18.1,18.2,18.4,18.5,18.6,18.7,18.9,19,19.2,19.4,19.5,19.6,19.7,19.8,19.9,19.9,20,20,20.1,20.2,20.2,20.3,20.3,20.3,20.3,20.3,20.4,20.4,20.5,20.6,20.7,20.9,21,21.2,21.3,21.4,21.5,21.6,21.6,21.6,21.6,21.6,21.7,21.7,21.8,21.9,22,22.2,22.3,22.5,22.7,22.9,23.1,23.3,23.4,23.6,23.8
Switzerland,CHE,756,118.1,119.6,121.2,122.8,124.3,125.8,127.2,128.6,130.2,131.9,134,136.5,139.3,142.2,145,147.5,149.7,151.6,153.3,154.7,156.1,157.4,158.7,159.7,160.5,160.9,160.8,160.5,160,159.6,159.5,159.8,160.5,161.4,162.4,163.4,164.3,165.3,166.3,167.5,168.9,170.6,172.5,174.4,176.2,177.6,178.7,179.5,180.1,180.6,181.4,182.3,183.3,184.5,185.9,187.5,189.3,191.3,193.5,195.8,198.2,200.7,203.3,205.8,208.3,210.5
Syrian Arab Republic,SYR,760,18.6,19.1,19.6,20.1,20.7,21.3,22,22.6,23.4,24.1,24.9,25.7,26.6,27.4,28.3,29.3,30.2,31.3,32.3,33.4,34.6,35.8,37,38.3,39.7,41,42.4,43.9,45.4,47,48.6,50.4,52.2,54.1,56.1,58,59.9,61.9,63.8,65.8,67.8,69.8,71.8,73.9,76,78.1,80.4,82.7,85,87.2,89.4,91.3,93.1,94.8,97,99.6,103,106.9,110.7,113.4,114.5,113.6,111.2,107.9,104.6,102
Tajikistan,TJK,762,10.9,11.3,11.7,12.1,12.4,12.8,13.2,13.6,14,14.4,14.9,15.4,16,16.6,17.2,17.8,18.4,19,19.7,20.3,20.9,21.6,22.2,22.9,23.6,24.2,24.9,25.6,26.4,27.1,27.9,28.7,29.6,30.5,31.4,32.4,33.5,34.6,35.7,36.8,37.8,38.6,39.3,40,40.6,41.2,41.8,42.4,43,43.7,44.4,45.2,46.1,47,48,49,50,51.1,52.2,53.4,54.6,55.8,57.1,58.4,59.8,61.1
TFYR Macedonia,MKD,807,49.7,51.2,52.4,53.4,54.4,55.2,56,56.8,57.5,58.3,59,59.8,60.6,61.4,62.2,63.1,64.1,65.2,66.3,67.3,68.2,69,69.6,70.1,70.8,71.5,72.4,73.4,74.5,75.4,76.3,77,77.5,77.9,78.3,78.6,78.8,79,79.1,79.2,79.2,79,78.9,78.7,78.6,78.6,78.9,79.3,79.8,80.3,80.7,81,81.2,81.4,81.6,81.7,81.8,81.9,82,82,82.1,82.2,82.2,82.3,82.4,82.4
Thailand,THA,764,40.5,41.6,42.7,43.9,45.1,46.4,47.7,49.1,50.6,52.1,53.6,55.2,56.9,58.7,60.4,62.3,64.2,66.1,68.1,70.1,72.2,74.3,76.5,78.6,80.8,82.9,84.9,86.9,88.9,90.8,92.8,94.6,96.4,98.2,100,101.9,103.7,105.6,107.5,109.2,110.8,112.1,113.2,114.2,115.3,116.4,117.7,119.1,120.6,122,123.2,124.4,125.4,126.4,127.2,128.1,128.8,129.6,130.3,130.9,131.6,132.2,132.8,133.4,133.9,134.4
Timor-Leste,TLS,626,29.1,29.5,29.8,30.2,30.6,31,31.5,32,32.5,33,33.6,34.2,34.8,35.5,36.2,36.9,37.6,38.3,39,39.8,40.7,41.8,42.9,44,44.7,44.7,44,42.8,41.3,40.1,39.5,39.7,40.6,42,43.5,44.9,46,47,48,49.2,50.6,52.3,54.2,56.1,57.6,58.6,58.9,58.6,58.2,58.1,58.6,60,62.1,64.6,67,69,70.5,71.6,72.5,73.4,74.6,76.1,77.8,79.6,81.6,83.5
Togo,TGO,768,25.7,26.2,26.5,26.7,26.9,27.1,27.4,27.8,28.2,28.7,29.1,29.4,29.7,30,30.6,31.4,32.6,34.1,35.8,37.4,38.9,40.2,41.3,42.3,43.3,44.3,45.3,46.3,47.4,48.6,50,51.7,53.6,55.6,57.7,59.8,61.8,63.9,65.9,67.8,69.6,71.4,73.1,74.7,76.6,78.6,80.9,83.4,86,88.7,91.4,94,96.6,99.1,101.8,104.5,107.3,110.3,113.3,116.4,119.6,122.8,126.1,129.5,132.9,136.4
Tokelau,TKL,772,156.6,151.7,150.4,152.1,155.9,160.7,167.1,172.2,178.2,182.3,187.3,190.2,193.5,195.3,194.7,192.2,187.6,181.8,173.4,167.5,162.1,158.8,157.3,157.3,157.2,157.2,156.7,155.6,154.2,154.3,155.3,157.6,162,165.7,169.7,170.9,170.3,169.7,166.5,163.4,160.8,157.8,155.8,153.5,152.9,151.7,152.9,154.7,157.5,157.4,155.4,150.3,143.5,135.1,127.3,120.8,116.7,114.1,112.6,112.6,114,115.1,116.7,118.7,121.9,125.2
Tonga,TON,776,65.6,68.5,71.1,73.3,75.2,76.8,78.3,79.7,81.3,83.2,85.6,88.5,92,95.8,99.7,103.3,106.6,109.8,112.6,115.1,117.2,118.8,119.9,120.8,121.7,122.7,124,125.4,126.9,128.2,129.2,129.8,130.1,130.2,130.3,130.5,130.8,131.1,131.5,131.8,132.2,132.4,132.6,132.8,133.1,133.4,133.8,134.3,134.9,135.5,136.2,137,137.8,138.6,139.5,140.3,141.2,142.2,143.1,143.9,144.6,145.2,145.8,146.3,146.9,147.7
Trinidad and Tobago,TTO,780,125.9,128.4,131.7,135.6,139.8,144.3,148.8,153.3,157.6,161.7,165.4,168.7,171.5,174,176.1,177.9,179.3,180.5,181.6,182.8,184.4,186.4,188.8,191.5,194.4,197.2,199.9,202.7,205.5,208.4,211.6,214.9,218.4,222,225.3,228.3,230.8,233,234.9,236.6,238.2,239.7,241.2,242.6,243.7,244.6,245.3,245.7,246.1,246.5,247.2,248,249.1,250.3,251.6,252.8,254,255.2,256.4,257.6,258.9,260.2,261.5,262.8,264,265.1
Tunisia,TUN,788,23.2,23.8,24.3,24.7,25.1,25.4,25.7,26,26.2,26.5,26.9,27.3,27.7,28.2,28.7,29.3,29.9,30.5,31.2,31.9,32.6,33.3,34,34.8,35.6,36.4,37.2,38.1,39,39.9,41,42.1,43.3,44.6,45.9,47.1,48.3,49.5,50.7,51.8,53,54.2,55.4,56.5,57.7,58.7,59.6,60.4,61.1,61.8,62.4,63,63.5,64,64.5,65,65.6,66.3,67,67.7,68.5,69.3,70.1,70.9,71.7,72.6
Turkey,TUR,792,27.8,28.5,29.2,30,30.8,31.5,32.3,33.2,34,34.8,35.7,36.6,37.5,38.4,39.3,40.2,41.2,42.2,43.2,44.2,45.3,46.4,47.5,48.7,49.9,51,52.2,53.4,54.6,55.9,57.1,58.5,59.8,61.2,62.5,63.8,65.1,66.4,67.6,68.9,70.1,71.3,72.4,73.6,74.8,76,77.2,78.4,79.7,80.9,82.2,83.4,84.6,85.9,87.1,88.2,89.3,90.4,91.5,92.7,94,95.4,96.9,98.5,100.1,101.7
Turkmenistan,TKM,795,2.6,2.6,2.7,2.7,2.8,2.9,3,3.1,3.2,3.3,3.4,3.5,3.7,3.8,3.9,4,4.2,4.3,4.4,4.5,4.7,4.8,4.9,5.1,5.2,5.4,5.5,5.7,5.8,6,6.1,6.3,6.4,6.6,6.7,6.9,7.1,7.3,7.4,7.6,7.8,8.1,8.3,8.5,8.8,9,9.1,9.3,9.4,9.5,9.6,9.7,9.8,9.9,10,10.1,10.2,10.4,10.5,10.7,10.8,11,11.2,11.4,11.6,11.8
Turks and Caicos Islands,TCA,796,5.3,5.2,5.2,5.3,5.4,5.5,5.6,5.7,5.9,6,6,6.1,6.1,6,6,6,5.9,5.9,5.9,5.9,5.9,6.1,6.2,6.4,6.7,6.9,7.1,7.2,7.4,7.6,7.9,8.3,8.7,9.1,9.6,10,10.4,10.8,11.1,11.6,12.2,12.8,13.7,14.5,15.4,16.1,16.8,17.4,18,18.8,19.9,21.2,22.9,24.6,26.3,27.8,29.1,30.1,31,31.8,32.6,33.4,34.1,34.9,35.5,36.1
Tuvalu,TUV,798,172.2,174,176.4,179,182.4,185.6,188.6,192,195.5,199.4,203.5,208.2,213,217.9,222.8,227.2,231.3,234.7,237.8,240.5,243.4,246,248.6,251.2,253.9,255.9,258.3,260.5,262.9,265.4,268.4,271.8,276.1,280.4,284.3,288.3,291.6,294,296.1,298.2,300.1,301.8,303.6,305.2,306.3,307.7,308.5,309.2,310.2,311.5,314,317.1,321.2,325.6,329.8,334.2,337.9,341.4,344.7,348,351,354.3,357.5,360.6,363.6,366.7
Uganda,UGA,800,25.8,26.6,27.3,28,28.8,29.5,30.3,31.1,32,33,34,35.1,36.2,37.5,38.8,40.1,41.5,42.9,44.4,45.9,47.3,48.6,50,51.3,52.7,54.2,55.8,57.4,59.1,61,62.8,64.7,66.7,68.7,70.9,73.3,75.8,78.6,81.4,84.3,87.3,90.3,93.4,96.5,99.6,102.8,106.1,109.4,112.9,116.5,120.3,124.4,128.7,133.3,138,142.9,147.9,153.1,158.5,164,169.7,175.6,181.7,187.9,194.4,200.9
Ukraine,UKR,804,64.4,65.3,66.2,67.2,68.1,69.1,70,70.9,71.8,72.7,73.6,74.6,75.5,76.4,77.3,78.1,78.9,79.5,80.1,80.7,81.3,81.9,82.5,83.1,83.6,84.2,84.6,85.1,85.5,85.9,86.3,86.6,87,87.3,87.6,87.9,88.2,88.4,88.6,88.8,88.8,88.8,88.8,88.6,88.3,87.9,87.3,86.6,85.9,85.1,84.3,83.6,82.8,82.1,81.5,80.9,80.5,80.1,79.7,79.4,79,78.7,78.3,77.9,77.5,77.1
United Arab Emirates,ARE,784,0.8,0.8,0.8,0.9,0.9,1,1,1,1,1,1.1,1.2,1.3,1.5,1.7,1.8,1.9,2,2.2,2.4,2.8,3.3,4,4.8,5.6,6.6,7.7,8.9,10.2,11.4,12.5,13.4,14.2,15,15.8,16.6,17.6,18.7,19.8,21,22.3,23.6,25,26.4,27.9,29.3,30.8,32.3,33.9,35.7,37.7,39.8,42,44.8,48.9,54.8,62.7,72.3,82.5,91.7,98.9,103.7,106.5,107.7,108.5,109.5
United Kingdom,GBR,826,209.2,209.2,209.5,210,210.6,211.3,212.2,213.1,214.2,215.4,216.7,218.2,219.8,221.4,223,224.5,225.8,227,228.1,229.1,230,230.7,231.3,231.7,232.1,232.3,232.5,232.6,232.6,232.6,232.6,232.6,232.7,232.8,233.1,233.4,233.8,234.4,235,235.7,236.4,237,237.6,238.3,239,239.6,240.4,241.2,242,242.8,243.7,244.5,245.3,246.3,247.5,249.2,251.3,253.9,256.6,259.3,261.7,263.8,265.6,267.2,268.7,270.3
United Republic of Tanzania,TZA,834,8.6,8.9,9.1,9.3,9.6,9.9,10.1,10.4,10.7,11,11.4,11.7,12.1,12.4,12.8,13.2,13.6,14,14.4,14.9,15.4,15.9,16.4,16.9,17.5,18,18.6,19.2,19.8,20.4,21.1,21.8,22.5,23.2,23.9,24.7,25.4,26.2,27,27.8,28.7,29.7,30.7,31.8,32.8,33.8,34.8,35.7,36.6,37.6,38.6,39.6,40.8,41.9,43.2,44.5,45.9,47.3,48.8,50.4,52,53.7,55.4,57.2,59,60.8
United States of America,USA,840,17.4,17.6,17.9,18.1,18.5,18.8,19.1,19.4,19.8,20.1,20.4,20.7,21,21.3,21.6,21.8,22.1,22.3,22.5,22.7,22.9,23.1,23.3,23.5,23.7,24,24.2,24.4,24.6,24.9,25.1,25.4,25.6,25.8,26.1,26.3,26.6,26.8,27.1,27.3,27.6,27.9,28.1,28.4,28.7,29,29.4,29.8,30.1,30.5,30.8,31.1,31.4,31.7,32,32.3,32.6,32.9,33.2,33.5,33.7,34,34.3,34.5,34.7,35
United States Virgin Islands,VIR,850,76.6,78.2,80.3,82.3,83.9,84.8,85.3,85.9,87.1,89.8,94.7,102,111.6,122.6,133.5,143.5,152.2,159.8,167.1,175.2,184.9,196.5,209.4,222.8,235.6,247.1,256.7,264.8,271.6,277.6,283.1,288.2,292.8,296.6,299.3,300.8,300.8,299.7,298,296.7,296.4,297.4,299.4,302.1,304.7,306.8,308.4,309.5,310.2,310.5,310.6,310.5,310.2,309.6,308.8,308,307.1,306.1,305.1,304.2,303.3,302.4,301.6,300.9,300.3,299.9
Uruguay,URY,858,12.8,12.9,13.1,13.2,13.4,13.6,13.7,13.9,14.1,14.3,14.5,14.7,14.9,15.1,15.2,15.4,15.6,15.7,15.9,16,16.1,16.1,16.1,16.1,16.1,16.2,16.2,16.3,16.4,16.5,16.7,16.8,16.9,17,17.1,17.2,17.3,17.4,17.5,17.6,17.8,17.9,18,18.2,18.3,18.4,18.6,18.7,18.8,18.9,19,19,19,19,19,19,19,19.1,19.1,19.2,19.3,19.3,19.4,19.5,19.5,19.6
Uzbekistan,UZB,860,14.7,15.2,15.7,16.2,16.7,17.2,17.7,18.2,18.8,19.4,20.1,20.8,21.5,22.2,23,23.8,24.7,25.7,26.6,27.6,28.5,29.3,30.2,31,31.8,32.7,33.6,34.5,35.5,36.5,37.5,38.5,39.5,40.5,41.5,42.6,43.6,44.7,45.8,47,48.1,49.3,50.4,51.6,52.7,53.7,54.8,55.7,56.7,57.6,58.4,59.2,60,60.7,61.5,62.3,63.2,64.2,65.2,66.2,67.2,68.3,69.4,70.6,71.7,72.8
Vanuatu,VUT,548,3.9,4,4.1,4.2,4.4,4.5,4.6,4.8,4.9,5.1,5.2,5.4,5.6,5.7,5.9,6.1,6.3,6.4,6.6,6.8,7,7.2,7.5,7.7,7.9,8.2,8.5,8.7,9,9.2,9.5,9.7,10,10.2,10.4,10.7,10.9,11.2,11.4,11.7,12,12.4,12.7,13.1,13.5,13.8,14.1,14.4,14.6,14.9,15.2,15.5,15.9,16.3,16.7,17.2,17.6,18,18.5,18.9,19.4,19.8,20.3,20.8,21.2,21.7
Venezuela (Bolivarian Republic of),VEN,862,6.2,6.5,6.8,7.1,7.4,7.7,8,8.3,8.6,8.9,9.2,9.6,10,10.4,10.7,11.1,11.5,11.9,12.3,12.7,13.1,13.5,13.9,14.3,14.7,15.1,15.6,16,16.5,16.9,17.4,17.9,18.4,18.8,19.3,19.8,20.4,20.9,21.4,22,22.5,23.1,23.6,24.1,24.6,25.2,25.7,26.2,26.7,27.2,27.8,28.3,28.8,29.3,29.8,30.4,30.9,31.4,31.9,32.4,32.9,33.4,33.9,34.4,34.8,35.3
Viet Nam,VNM,704,80,81.8,83.8,85.9,88.3,90.8,93.4,96.3,99.2,102.2,105.4,108.6,111.9,115.2,118.6,122.1,125.6,129.2,132.9,136.5,140,143.5,146.9,150.3,153.7,157.2,160.6,164.2,167.8,171.5,175.4,179.4,183.6,187.9,192.4,196.9,201.4,206,210.6,215.3,220,224.7,229.4,234,238.4,242.5,246.3,249.8,253,256,258.9,261.7,264.3,266.9,269.4,271.9,274.4,277,279.6,282.4,285.3,288.4,291.7,295.1,298.5,301.8
Wallis and Futuna Islands,TSS,876,50,50.6,51.7,53,54.4,55.7,56.9,58,59,60,61.1,62.4,63.6,64.7,65.5,65.9,65.8,65.3,64.5,63.7,63.2,62.8,62.7,62.9,63.7,65.1,67.2,70,73.2,76.6,80.2,83.9,87.7,91.2,94.3,96.7,98.1,98.9,99,99,99.1,99.4,99.7,100.1,100.5,101,101.5,102,102.5,103.1,103.6,104,104.4,104.7,104.6,104.1,103.1,101.6,99.9,97.9,95.9,93.8,91.7,89.7,87.8,86.2
Western Sahara,ESH,732,0.1,0.1,0.1,0.1,0.1,0.1,0.1,0.1,0.1,0.1,0.1,0.1,0.1,0.2,0.2,0.2,0.2,0.2,0.3,0.3,0.3,0.3,0.3,0.3,0.3,0.3,0.3,0.4,0.4,0.5,0.6,0.6,0.6,0.7,0.7,0.7,0.7,0.7,0.8,0.8,0.8,0.8,0.9,0.9,0.9,1,1,1,1.1,1.1,1.2,1.3,1.4,1.5,1.6,1.6,1.7,1.7,1.8,1.8,1.8,1.8,1.9,1.9,1.9,2
Yemen,YEM,887,8.3,8.5,8.6,8.7,8.9,9,9.2,9.3,9.5,9.6,9.8,10,10.1,10.3,10.5,10.7,10.9,11.1,11.3,11.5,11.7,11.9,12.1,12.4,12.6,12.9,13.3,13.8,14.3,14.8,15.4,16,16.6,17.3,17.9,18.7,19.4,20.1,20.9,21.8,22.8,24,25.2,26.5,27.8,29,30.1,31.1,32,32.9,33.9,34.8,35.8,36.9,37.9,39,40.1,41.2,42.3,43.5,44.7,45.9,47.2,48.4,49.7,51
Zambia,ZMB,894,3.1,3.2,3.3,3.4,3.4,3.5,3.6,3.7,3.9,4,4.1,4.2,4.4,4.5,4.6,4.8,4.9,5.1,5.3,5.4,5.6,5.8,6,6.2,6.4,6.7,6.9,7.2,7.4,7.7,7.9,8.2,8.5,8.8,9.1,9.4,9.6,9.9,10.2,10.5,10.8,11.1,11.4,11.7,12,12.3,12.6,13,13.4,13.8,14.2,14.6,15,15.4,15.8,16.2,16.7,17.1,17.6,18.1,18.6,19.2,19.8,20.4,21,21.7
Zimbabwe,ZWE,716,7.1,7.3,7.5,7.8,8,8.3,8.5,8.8,9.1,9.4,9.7,10,10.3,10.7,11,11.4,11.8,12.1,12.5,12.9,13.4,13.8,14.3,14.8,15.3,15.8,16.3,16.8,17.3,17.9,18.5,19.2,20,20.8,21.6,22.4,23.2,24,24.8,25.6,26.3,27,27.6,28.2,28.7,29.3,29.8,30.3,30.7,31.2,31.6,32,32.3,32.7,33,33.4,33.9,34.5,35,35.7,36.4,37.2,38,38.9,39.8,40.8
