pr,"	Year", Month, Country
20.2766,1991,1,SRB
43.5765,1991,2,SRB
53.5372,1991,3,SRB
68.9935,1991,4,SRB
105.888,1991,5,SRB
61.7132,1991,6,SRB
136.314,1991,7,SRB
64.1025,1991,8,SRB
41.0375,1991,9,SRB
98.8756,1991,10,SRB
78.2103,1991,11,SRB
30.6461,1991,12,SRB
11.0742,1992,1,SRB
28.0815,1992,2,SRB
12.9028,1992,3,SRB
65.8919,1992,4,SRB
40.885,1992,5,SRB
166.737,1992,6,SRB
46.3836,1992,7,SRB
18.0707,1992,8,SRB
32.8362,1992,9,SRB
98.111,1992,10,SRB
65.2131,1992,11,SRB
34.9381,1992,12,SRB
20.3915,1993,1,SRB
24.0173,1993,2,SRB
65.203,1993,3,SRB
35.569,1993,4,SRB
51.8454,1993,5,SRB
55.2659,1993,6,SRB
41.3707,1993,7,SRB
33.6928,1993,8,SRB
58.8934,1993,9,SRB
35.7911,1993,10,SRB
86.8054,1993,11,SRB
73.4326,1993,12,SRB
42.9945,1994,1,SRB
33.2844,1994,2,SRB
23.4644,1994,3,SRB
87.6063,1994,4,SRB
49.1685,1994,5,SRB
129.957,1994,6,SRB
59.5203,1994,7,SRB
72.075,1994,8,SRB
40.9804,1994,9,SRB
56.928,1994,10,SRB
30.6893,1994,11,SRB
41.2596,1994,12,SRB
70.4218,1995,1,SRB
49.7399,1995,2,SRB
56.973,1995,3,SRB
58.0487,1995,4,SRB
94.9866,1995,5,SRB
91.4076,1995,6,SRB
72.6482,1995,7,SRB
85.3976,1995,8,SRB
102.328,1995,9,SRB
3.30375,1995,10,SRB
62.4015,1995,11,SRB
90.3124,1995,12,SRB
45.3288,1996,1,SRB
65.0327,1996,2,SRB
50.2971,1996,3,SRB
47.4527,1996,4,SRB
103.471,1996,5,SRB
47.1614,1996,6,SRB
34.1776,1996,7,SRB
74.7307,1996,8,SRB
156.027,1996,9,SRB
45.8105,1996,10,SRB
74.6582,1996,11,SRB
89.3208,1996,12,SRB
30.4197,1997,1,SRB
37.371,1997,2,SRB
28.0719,1997,3,SRB
72.4779,1997,4,SRB
64.1402,1997,5,SRB
42.57,1997,6,SRB
90.7264,1997,7,SRB
100.976,1997,8,SRB
24.3607,1997,9,SRB
110.889,1997,10,SRB
44.0973,1997,11,SRB
90.3988,1997,12,SRB
63.0467,1998,1,SRB
18.6459,1998,2,SRB
21.5046,1998,3,SRB
47.6248,1998,4,SRB
72.3555,1998,5,SRB
71.4504,1998,6,SRB
75.7738,1998,7,SRB
52.0207,1998,8,SRB
118.363,1998,9,SRB
101.742,1998,10,SRB
65.5024,1998,11,SRB
37.6598,1998,12,SRB
48.3932,1999,1,SRB
74.678,1999,2,SRB
30.7689,1999,3,SRB
66.6151,1999,4,SRB
69.6943,1999,5,SRB
117.336,1999,6,SRB
121.605,1999,7,SRB
29.9872,1999,8,SRB
69.564,1999,9,SRB
52.3506,1999,10,SRB
76.6404,1999,11,SRB
134.777,1999,12,SRB
33.0364,2000,1,SRB
29.7923,2000,2,SRB
38.9974,2000,3,SRB
52.1746,2000,4,SRB
27.8703,2000,5,SRB
32.2565,2000,6,SRB
45.0889,2000,7,SRB
8.33584,2000,8,SRB
81.003,2000,9,SRB
22.1173,2000,10,SRB
37.8688,2000,11,SRB
46.6491,2000,12,SRB
58.3408,2001,1,SRB
32.1348,2001,2,SRB
59.6747,2001,3,SRB
87.9328,2001,4,SRB
67.1511,2001,5,SRB
126.503,2001,6,SRB
37.5071,2001,7,SRB
43.8055,2001,8,SRB
141.125,2001,9,SRB
13.9322,2001,10,SRB
65.466,2001,11,SRB
39.539,2001,12,SRB
16.8092,2002,1,SRB
22.9978,2002,2,SRB
29.4776,2002,3,SRB
58.1598,2002,4,SRB
58.0398,2002,5,SRB
68.7201,2002,6,SRB
81.6511,2002,7,SRB
105.515,2002,8,SRB
92.0886,2002,9,SRB
84.2671,2002,10,SRB
40.49,2002,11,SRB
56.374,2002,12,SRB
95.0867,2003,1,SRB
33.2234,2003,2,SRB
7.54577,2003,3,SRB
43.622,2003,4,SRB
58.4606,2003,5,SRB
56.0326,2003,6,SRB
75.0347,2003,7,SRB
16.3865,2003,8,SRB
71.5801,2003,9,SRB
135.219,2003,10,SRB
52.0054,2003,11,SRB
37.1031,2003,12,SRB
81.7507,2004,1,SRB
35.6739,2004,2,SRB
29.1966,2004,3,SRB
71.9642,2004,4,SRB
83.5455,2004,5,SRB
98.9625,2004,6,SRB
65.744,2004,7,SRB
75.1553,2004,8,SRB
55.1582,2004,9,SRB
50.461,2004,10,SRB
111.844,2004,11,SRB
67.3883,2004,12,SRB
48.9124,2005,1,SRB
85.7275,2005,2,SRB
52.6511,2005,3,SRB
57.9625,2005,4,SRB
69.9197,2005,5,SRB
95.142,2005,6,SRB
112.743,2005,7,SRB
131.06,2005,8,SRB
79.5645,2005,9,SRB
34.1341,2005,10,SRB
34.1363,2005,11,SRB
92.4869,2005,12,SRB
42.9896,2006,1,SRB
57.4287,2006,2,SRB
90.908,2006,3,SRB
73.5322,2006,4,SRB
49.8583,2006,5,SRB
129.746,2006,6,SRB
52.2175,2006,7,SRB
118.456,2006,8,SRB
43.8406,2006,9,SRB
39.5346,2006,10,SRB
32.5125,2006,11,SRB
44.5508,2006,12,SRB
50.4938,2007,1,SRB
58.9137,2007,2,SRB
73.1226,2007,3,SRB
8.87827,2007,4,SRB
105.045,2007,5,SRB
92.2458,2007,6,SRB
19.5973,2007,7,SRB
81.7586,2007,8,SRB
90.1523,2007,9,SRB
111.596,2007,10,SRB
126.36,2007,11,SRB
41.7289,2007,12,SRB
42.3397,2008,1,SRB
9.34613,2008,2,SRB
76.815,2008,3,SRB
55.8877,2008,4,SRB
51.2076,2008,5,SRB
100.536,2008,6,SRB
59.1307,2008,7,SRB
33.8999,2008,8,SRB
81.5642,2008,9,SRB
30.8074,2008,10,SRB
54.5397,2008,11,SRB
77.9029,2008,12,SRB
70.5912,2009,1,SRB
65.0706,2009,2,SRB
59.7022,2009,3,SRB
22.9903,2009,4,SRB
48.274,2009,5,SRB
132.618,2009,6,SRB
65.1965,2009,7,SRB
71.1147,2009,8,SRB
27.4692,2009,9,SRB
98.815,2009,10,SRB
63.0901,2009,11,SRB
111.314,2009,12,SRB
79.9456,2010,1,SRB
103.715,2010,2,SRB
57.0536,2010,3,SRB
58.8723,2010,4,SRB
102.567,2010,5,SRB
139.135,2010,6,SRB
47.5207,2010,7,SRB
51.9242,2010,8,SRB
83.4872,2010,9,SRB
79.4423,2010,10,SRB
73.2277,2010,11,SRB
95.8379,2010,12,SRB
38.0118,2011,1,SRB
40.5791,2011,2,SRB
35.8621,2011,3,SRB
17.9014,2011,4,SRB
63.8738,2011,5,SRB
36.1724,2011,6,SRB
104.599,2011,7,SRB
21.9157,2011,8,SRB
36.5302,2011,9,SRB
47.7062,2011,10,SRB
5.96917,2011,11,SRB
58.7258,2011,12,SRB
65.3012,2012,1,SRB
58.6671,2012,2,SRB
7.18779,2012,3,SRB
85.3794,2012,4,SRB
129.332,2012,5,SRB
34.7971,2012,6,SRB
43.944,2012,7,SRB
13.5006,2012,8,SRB
46.5955,2012,9,SRB
64.3722,2012,10,SRB
37.3516,2012,11,SRB
67.4095,2012,12,SRB
77.2142,2013,1,SRB
70.3684,2013,2,SRB
91.4955,2013,3,SRB
35.795,2013,4,SRB
99.4289,2013,5,SRB
88.1692,2013,6,SRB
22.251,2013,7,SRB
40.6232,2013,8,SRB
66.8662,2013,9,SRB
55.416,2013,10,SRB
54.5394,2013,11,SRB
8.91106,2013,12,SRB
43.4896,2014,1,SRB
33.2468,2014,2,SRB
48.2421,2014,3,SRB
80.7797,2014,4,SRB
136.296,2014,5,SRB
99.5343,2014,6,SRB
171.798,2014,7,SRB
68.77,2014,8,SRB
148.319,2014,9,SRB
74.494,2014,10,SRB
35.241,2014,11,SRB
74.6297,2014,12,SRB
60.7024,2015,1,SRB
57.4377,2015,2,SRB
99.3889,2015,3,SRB
34.0397,2015,4,SRB
67.6945,2015,5,SRB
61.6869,2015,6,SRB
18.0308,2015,7,SRB
67.7722,2015,8,SRB
90.2897,2015,9,SRB
105.755,2015,10,SRB
61.5626,2015,11,SRB
3.30322,2015,12,SRB
143.442,1991,1,SGP
57.2288,1991,2,SGP
224.211,1991,3,SGP
179.942,1991,4,SGP
221.53,1991,5,SGP
103.547,1991,6,SGP
62.9135,1991,7,SGP
235.533,1991,8,SGP
127.933,1991,9,SGP
149.816,1991,10,SGP
448.167,1991,11,SGP
464.052,1991,12,SGP
167.593,1992,1,SGP
100.211,1992,2,SGP
180.552,1992,3,SGP
218.813,1992,4,SGP
103.132,1992,5,SGP
134.396,1992,6,SGP
260.91,1992,7,SGP
145.193,1992,8,SGP
143.159,1992,9,SGP
265.254,1992,10,SGP
429.496,1992,11,SGP
484.086,1992,12,SGP
231.179,1993,1,SGP
73.6745,1993,2,SGP
287.332,1993,3,SGP
280.355,1993,4,SGP
213.444,1993,5,SGP
130.364,1993,6,SGP
195.852,1993,7,SGP
128.92,1993,8,SGP
108.955,1993,9,SGP
275.85,1993,10,SGP
311.301,1993,11,SGP
401.322,1993,12,SGP
113.737,1994,1,SGP
142.044,1994,2,SGP
392.22,1994,3,SGP
218.664,1994,4,SGP
242.533,1994,5,SGP
190.5,1994,6,SGP
53.0593,1994,7,SGP
61.4491,1994,8,SGP
33.4067,1994,9,SGP
121.994,1994,10,SGP
367.62,1994,11,SGP
387.589,1994,12,SGP
372.525,1995,1,SGP
362.727,1995,2,SGP
134.95,1995,3,SGP
277.762,1995,4,SGP
158.422,1995,5,SGP
176.132,1995,6,SGP
177.044,1995,7,SGP
220.525,1995,8,SGP
113.34,1995,9,SGP
292.086,1995,10,SGP
521.923,1995,11,SGP
234.764,1995,12,SGP
236.249,1996,1,SGP
197.75,1996,2,SGP
119.294,1996,3,SGP
261.223,1996,4,SGP
144.291,1996,5,SGP
272.101,1996,6,SGP
161.511,1996,7,SGP
303.423,1996,8,SGP
281.962,1996,9,SGP
402.513,1996,10,SGP
236.883,1996,11,SGP
200.745,1996,12,SGP
32.0084,1997,1,SGP
125.005,1997,2,SGP
79.9542,1997,3,SGP
182.972,1997,4,SGP
74.8389,1997,5,SGP
89.3016,1997,6,SGP
32.0915,1997,7,SGP
92.3491,1997,8,SGP
31.0203,1997,9,SGP
98.5118,1997,10,SGP
170.389,1997,11,SGP
338.154,1997,12,SGP
272.537,1998,1,SGP
55.6728,1998,2,SGP
99.2067,1998,3,SGP
236.184,1998,4,SGP
140.267,1998,5,SGP
217.167,1998,6,SGP
251.638,1998,7,SGP
240.228,1998,8,SGP
290.271,1998,9,SGP
282.798,1998,10,SGP
140.796,1998,11,SGP
443.186,1998,12,SGP
219.91,1999,1,SGP
92.6525,1999,2,SGP
231.85,1999,3,SGP
149.413,1999,4,SGP
189.801,1999,5,SGP
122.583,1999,6,SGP
231.227,1999,7,SGP
222.728,1999,8,SGP
150.615,1999,9,SGP
298.576,1999,10,SGP
275.233,1999,11,SGP
320.671,1999,12,SGP
316.3,2000,1,SGP
239.674,2000,2,SGP
280.525,2000,3,SGP
398.715,2000,4,SGP
124.069,2000,5,SGP
190.283,2000,6,SGP
146.815,2000,7,SGP
140.252,2000,8,SGP
106.03,2000,9,SGP
190.92,2000,10,SGP
388.944,2000,11,SGP
274.889,2000,12,SGP
449.974,2001,1,SGP
102.038,2001,2,SGP
293.469,2001,3,SGP
254.415,2001,4,SGP
191.806,2001,5,SGP
149.577,2001,6,SGP
100.366,2001,7,SGP
180.979,2001,8,SGP
194.959,2001,9,SGP
362.289,2001,10,SGP
197.628,2001,11,SGP
500.705,2001,12,SGP
210.218,2002,1,SGP
91.5491,2002,2,SGP
109.722,2002,3,SGP
163.332,2002,4,SGP
246.42,2002,5,SGP
82.5033,2002,6,SGP
185.371,2002,7,SGP
134.52,2002,8,SGP
178.196,2002,9,SGP
81.1762,2002,10,SGP
339.432,2002,11,SGP
332.03,2002,12,SGP
525.094,2003,1,SGP
217.262,2003,2,SGP
247.703,2003,3,SGP
219.469,2003,4,SGP
99.3661,2003,5,SGP
89.2881,2003,6,SGP
171.693,2003,7,SGP
209.206,2003,8,SGP
223.827,2003,9,SGP
408.96,2003,10,SGP
293.642,2003,11,SGP
294.52,2003,12,SGP
483.452,2004,1,SGP
43.4186,2004,2,SGP
328.538,2004,3,SGP
107.833,2004,4,SGP
160.632,2004,5,SGP
125.11,2004,6,SGP
186.198,2004,7,SGP
105.057,2004,8,SGP
210.628,2004,9,SGP
236.53,2004,10,SGP
282.437,2004,11,SGP
270.693,2004,12,SGP
247.101,2005,1,SGP
52.4694,2005,2,SGP
154.162,2005,3,SGP
181.725,2005,4,SGP
316.167,2005,5,SGP
118.852,2005,6,SGP
120.023,2005,7,SGP
121.876,2005,8,SGP
197.133,2005,9,SGP
310.957,2005,10,SGP
320.454,2005,11,SGP
228.416,2005,12,SGP
429.91,2006,1,SGP
122.161,2006,2,SGP
124.864,2006,3,SGP
245.518,2006,4,SGP
210.364,2006,5,SGP
207.123,2006,6,SGP
121.493,2006,7,SGP
156.079,2006,8,SGP
145.635,2006,9,SGP
116.479,2006,10,SGP
240.155,2006,11,SGP
701.764,2006,12,SGP
518.54,2007,1,SGP
171.027,2007,2,SGP
227.506,2007,3,SGP
259.789,2007,4,SGP
215.922,2007,5,SGP
133.842,2007,6,SGP
146.684,2007,7,SGP
238.85,2007,8,SGP
144.494,2007,9,SGP
260.388,2007,10,SGP
271.003,2007,11,SGP
426.913,2007,12,SGP
223.874,2008,1,SGP
195.637,2008,2,SGP
387.486,2008,3,SGP
201.793,2008,4,SGP
119.081,2008,5,SGP
148.462,2008,6,SGP
124.644,2008,7,SGP
327.774,2008,8,SGP
168.977,2008,9,SGP
294.299,2008,10,SGP
303.277,2008,11,SGP
274.525,2008,12,SGP
80.4474,2009,1,SGP
161.649,2009,2,SGP
331.93,2009,3,SGP
176.915,2009,4,SGP
164.779,2009,5,SGP
70.7627,2009,6,SGP
128.164,2009,7,SGP
208.233,2009,8,SGP
186.345,2009,9,SGP
214.055,2009,10,SGP
293.111,2009,11,SGP
313.71,2009,12,SGP
81.9677,2010,1,SGP
28.7915,2010,2,SGP
293.096,2010,3,SGP
196.838,2010,4,SGP
222.971,2010,5,SGP
251.971,2010,6,SGP
264.989,2010,7,SGP
227.461,2010,8,SGP
220.862,2010,9,SGP
200.961,2010,10,SGP
354.71,2010,11,SGP
177.337,2010,12,SGP
530.652,2011,1,SGP
47.4898,2011,2,SGP
322.698,2011,3,SGP
309.527,2011,4,SGP
162.379,2011,5,SGP
227.13,2011,6,SGP
89.2593,2011,7,SGP
100.898,2011,8,SGP
85.9338,2011,9,SGP
275.828,2011,10,SGP
394.644,2011,11,SGP
345.471,2011,12,SGP
181.567,2012,1,SGP
140.328,2012,2,SGP
306.479,2012,3,SGP
257.288,2012,4,SGP
252.067,2012,5,SGP
79.3372,2012,6,SGP
124.991,2012,7,SGP
122.849,2012,8,SGP
167.059,2012,9,SGP
216.252,2012,10,SGP
337.808,2012,11,SGP
415.974,2012,12,SGP
243.674,2013,1,SGP
384.567,2013,2,SGP
139.472,2013,3,SGP
278.472,2013,4,SGP
197.857,2013,5,SGP
120.718,2013,6,SGP
174.516,2013,7,SGP
201.923,2013,8,SGP
278.738,2013,9,SGP
266.033,2013,10,SGP
388.72,2013,11,SGP
316.055,2013,12,SGP
128.484,2014,1,SGP
3.07118,2014,2,SGP
112.016,2014,3,SGP
204.93,2014,4,SGP
249.42,2014,5,SGP
132.916,2014,6,SGP
147.333,2014,7,SGP
242.328,2014,8,SGP
150.85,2014,9,SGP
154.096,2014,10,SGP
211.244,2014,11,SGP
331.806,2014,12,SGP
124.974,2015,1,SGP
65.8203,2015,2,SGP
118.693,2015,3,SGP
184.784,2015,4,SGP
137.728,2015,5,SGP
112.183,2015,6,SGP
94.3813,2015,7,SGP
172.267,2015,8,SGP
78.0338,2015,9,SGP
98.7898,2015,10,SGP
336.532,2015,11,SGP
263.742,2015,12,SGP
332.531,1991,1,SLB
323.766,1991,2,SLB
346.818,1991,3,SLB
254.99,1991,4,SLB
224.721,1991,5,SLB
173.661,1991,6,SLB
226.682,1991,7,SLB
228.356,1991,8,SLB
198.197,1991,9,SLB
215.922,1991,10,SLB
220.269,1991,11,SLB
107.293,1991,12,SLB
330.734,1992,1,SLB
328.036,1992,2,SLB
339.062,1992,3,SLB
254.501,1992,4,SLB
221.191,1992,5,SLB
173.48,1992,6,SLB
235.139,1992,7,SLB
218.839,1992,8,SLB
195.649,1992,9,SLB
203.049,1992,10,SLB
215.323,1992,11,SLB
268.343,1992,12,SLB
330.304,1993,1,SLB
325.338,1993,2,SLB
341.405,1993,3,SLB
255.126,1993,4,SLB
213.064,1993,5,SLB
176.998,1993,6,SLB
229.335,1993,7,SLB
211.025,1993,8,SLB
194.147,1993,9,SLB
202.008,1993,10,SLB
211.39,1993,11,SLB
271.821,1993,12,SLB
342.174,1994,1,SLB
339.849,1994,2,SLB
342.934,1994,3,SLB
250.864,1994,4,SLB
221.773,1994,5,SLB
174.432,1994,6,SLB
234.311,1994,7,SLB
225.208,1994,8,SLB
200.938,1994,9,SLB
209.106,1994,10,SLB
214.057,1994,11,SLB
262.641,1994,12,SLB
336.693,1995,1,SLB
325.675,1995,2,SLB
347.339,1995,3,SLB
256.824,1995,4,SLB
219.521,1995,5,SLB
179.226,1995,6,SLB
238.709,1995,7,SLB
229.988,1995,8,SLB
204.094,1995,9,SLB
211.005,1995,10,SLB
216.076,1995,11,SLB
267.958,1995,12,SLB
338.985,1996,1,SLB
320.734,1996,2,SLB
346.049,1996,3,SLB
252.485,1996,4,SLB
217.516,1996,5,SLB
180.566,1996,6,SLB
236.619,1996,7,SLB
219.622,1996,8,SLB
207.128,1996,9,SLB
219.911,1996,10,SLB
222.486,1996,11,SLB
270.088,1996,12,SLB
336.693,1997,1,SLB
325.675,1997,2,SLB
347.339,1997,3,SLB
256.824,1997,4,SLB
219.521,1997,5,SLB
179.226,1997,6,SLB
238.709,1997,7,SLB
222.286,1997,8,SLB
204.094,1997,9,SLB
211.005,1997,10,SLB
219.104,1997,11,SLB
267.958,1997,12,SLB
336.693,1998,1,SLB
325.675,1998,2,SLB
347.339,1998,3,SLB
256.824,1998,4,SLB
219.521,1998,5,SLB
179.226,1998,6,SLB
238.709,1998,7,SLB
222.286,1998,8,SLB
204.094,1998,9,SLB
211.005,1998,10,SLB
219.104,1998,11,SLB
267.958,1998,12,SLB
336.693,1999,1,SLB
325.675,1999,2,SLB
347.339,1999,3,SLB
256.824,1999,4,SLB
219.521,1999,5,SLB
179.226,1999,6,SLB
238.709,1999,7,SLB
222.286,1999,8,SLB
204.094,1999,9,SLB
211.005,1999,10,SLB
219.104,1999,11,SLB
267.958,1999,12,SLB
336.693,2000,1,SLB
325.675,2000,2,SLB
347.339,2000,3,SLB
256.824,2000,4,SLB
219.521,2000,5,SLB
179.226,2000,6,SLB
238.709,2000,7,SLB
222.286,2000,8,SLB
204.094,2000,9,SLB
211.005,2000,10,SLB
219.104,2000,11,SLB
267.958,2000,12,SLB
336.693,2001,1,SLB
325.675,2001,2,SLB
347.339,2001,3,SLB
256.824,2001,4,SLB
219.521,2001,5,SLB
179.226,2001,6,SLB
238.709,2001,7,SLB
222.286,2001,8,SLB
204.094,2001,9,SLB
211.005,2001,10,SLB
219.104,2001,11,SLB
267.958,2001,12,SLB
336.693,2002,1,SLB
325.675,2002,2,SLB
347.339,2002,3,SLB
256.824,2002,4,SLB
219.521,2002,5,SLB
179.226,2002,6,SLB
238.709,2002,7,SLB
222.286,2002,8,SLB
204.094,2002,9,SLB
211.005,2002,10,SLB
219.104,2002,11,SLB
267.958,2002,12,SLB
336.693,2003,1,SLB
325.675,2003,2,SLB
347.339,2003,3,SLB
256.824,2003,4,SLB
219.521,2003,5,SLB
179.226,2003,6,SLB
238.709,2003,7,SLB
222.286,2003,8,SLB
204.094,2003,9,SLB
211.005,2003,10,SLB
219.104,2003,11,SLB
267.958,2003,12,SLB
336.693,2004,1,SLB
325.675,2004,2,SLB
347.339,2004,3,SLB
256.824,2004,4,SLB
219.521,2004,5,SLB
179.226,2004,6,SLB
238.709,2004,7,SLB
222.286,2004,8,SLB
204.094,2004,9,SLB
211.005,2004,10,SLB
219.104,2004,11,SLB
267.958,2004,12,SLB
336.693,2005,1,SLB
325.675,2005,2,SLB
347.339,2005,3,SLB
256.824,2005,4,SLB
219.521,2005,5,SLB
179.226,2005,6,SLB
238.709,2005,7,SLB
222.286,2005,8,SLB
204.094,2005,9,SLB
211.005,2005,10,SLB
219.104,2005,11,SLB
267.958,2005,12,SLB
336.693,2006,1,SLB
325.675,2006,2,SLB
347.339,2006,3,SLB
256.824,2006,4,SLB
219.521,2006,5,SLB
179.226,2006,6,SLB
238.709,2006,7,SLB
222.286,2006,8,SLB
204.094,2006,9,SLB
211.005,2006,10,SLB
219.104,2006,11,SLB
267.958,2006,12,SLB
336.693,2007,1,SLB
325.675,2007,2,SLB
347.339,2007,3,SLB
256.824,2007,4,SLB
219.521,2007,5,SLB
179.226,2007,6,SLB
238.709,2007,7,SLB
222.286,2007,8,SLB
204.094,2007,9,SLB
211.005,2007,10,SLB
219.104,2007,11,SLB
267.958,2007,12,SLB
336.693,2008,1,SLB
325.675,2008,2,SLB
347.339,2008,3,SLB
256.824,2008,4,SLB
219.521,2008,5,SLB
179.226,2008,6,SLB
238.709,2008,7,SLB
222.286,2008,8,SLB
204.094,2008,9,SLB
211.005,2008,10,SLB
219.104,2008,11,SLB
267.958,2008,12,SLB
336.693,2009,1,SLB
325.675,2009,2,SLB
347.339,2009,3,SLB
256.824,2009,4,SLB
219.521,2009,5,SLB
179.226,2009,6,SLB
238.709,2009,7,SLB
222.286,2009,8,SLB
204.094,2009,9,SLB
211.005,2009,10,SLB
219.104,2009,11,SLB
267.958,2009,12,SLB
336.693,2010,1,SLB
325.675,2010,2,SLB
347.339,2010,3,SLB
256.824,2010,4,SLB
219.521,2010,5,SLB
179.226,2010,6,SLB
238.709,2010,7,SLB
222.286,2010,8,SLB
204.094,2010,9,SLB
211.005,2010,10,SLB
219.104,2010,11,SLB
267.958,2010,12,SLB
336.693,2011,1,SLB
325.675,2011,2,SLB
347.339,2011,3,SLB
256.824,2011,4,SLB
219.521,2011,5,SLB
179.226,2011,6,SLB
238.709,2011,7,SLB
222.286,2011,8,SLB
204.094,2011,9,SLB
211.005,2011,10,SLB
219.104,2011,11,SLB
267.958,2011,12,SLB
336.693,2012,1,SLB
325.675,2012,2,SLB
347.339,2012,3,SLB
256.824,2012,4,SLB
219.521,2012,5,SLB
179.226,2012,6,SLB
238.709,2012,7,SLB
222.286,2012,8,SLB
204.094,2012,9,SLB
211.005,2012,10,SLB
219.104,2012,11,SLB
267.958,2012,12,SLB
336.693,2013,1,SLB
325.675,2013,2,SLB
347.339,2013,3,SLB
256.824,2013,4,SLB
219.521,2013,5,SLB
179.226,2013,6,SLB
238.709,2013,7,SLB
222.286,2013,8,SLB
204.094,2013,9,SLB
211.005,2013,10,SLB
219.104,2013,11,SLB
267.958,2013,12,SLB
336.693,2014,1,SLB
325.675,2014,2,SLB
347.339,2014,3,SLB
256.824,2014,4,SLB
219.521,2014,5,SLB
179.226,2014,6,SLB
238.709,2014,7,SLB
222.286,2014,8,SLB
204.094,2014,9,SLB
211.005,2014,10,SLB
219.104,2014,11,SLB
267.958,2014,12,SLB
336.693,2015,1,SLB
325.675,2015,2,SLB
347.339,2015,3,SLB
256.824,2015,4,SLB
219.521,2015,5,SLB
179.226,2015,6,SLB
238.709,2015,7,SLB
222.286,2015,8,SLB
204.094,2015,9,SLB
211.005,2015,10,SLB
219.104,2015,11,SLB
267.958,2015,12,SLB
24.6763,1991,1,KOR
43.806,1991,2,KOR
86.6466,1991,3,KOR
86.5726,1991,4,KOR
81.7957,1991,5,KOR
148.087,1991,6,KOR
420.161,1991,7,KOR
249.526,1991,8,KOR
164.47,1991,9,KOR
18.2396,1991,10,KOR
18.7402,1991,11,KOR
56.0635,1991,12,KOR
28.3328,1992,1,KOR
29.8709,1992,2,KOR
62.6576,1992,3,KOR
116.302,1992,4,KOR
107.73,1992,5,KOR
60.1254,1992,6,KOR
183.097,1992,7,KOR
291.51,1992,8,KOR
172.902,1992,9,KOR
38.5696,1992,10,KOR
39.703,1992,11,KOR
48.4059,1992,12,KOR
28.9359,1993,1,KOR
61.8953,1993,2,KOR
50.6,1993,3,KOR
60.5152,1993,4,KOR
146.116,1993,5,KOR
228.516,1993,6,KOR
326.994,1993,7,KOR
410.199,1993,8,KOR
66.1636,1993,9,KOR
39.0541,1993,10,KOR
77.0067,1993,11,KOR
22.3518,1993,12,KOR
26.59,1994,1,KOR
22.6165,1994,2,KOR
32.4552,1994,3,KOR
53.4571,1994,4,KOR
147.585,1994,5,KOR
112.055,1994,6,KOR
116.191,1994,7,KOR
197.215,1994,8,KOR
42.0486,1994,9,KOR
131.607,1994,10,KOR
44.7596,1994,11,KOR
15.3509,1994,12,KOR
23.9676,1995,1,KOR
19.7712,1995,2,KOR
61.1671,1995,3,KOR
70.2713,1995,4,KOR
72.7139,1995,5,KOR
96.8547,1995,6,KOR
249.939,1995,7,KOR
406.301,1995,8,KOR
55.3888,1995,9,KOR
34.7666,1995,10,KOR
19.7471,1995,11,KOR
5.3615,1995,12,KOR
26.4801,1996,1,KOR
12.8286,1996,2,KOR
118.202,1996,3,KOR
60.2984,1996,4,KOR
47.4856,1996,5,KOR
373.48,1996,6,KOR
246.066,1996,7,KOR
133.786,1996,8,KOR
29.6093,1996,9,KOR
72.93,1996,10,KOR
60.729,1996,11,KOR
23.2673,1996,12,KOR
16.5902,1997,1,KOR
27.76,1997,2,KOR
41.4168,1997,3,KOR
68.3339,1997,4,KOR
204.955,1997,5,KOR
224.72,1997,6,KOR
271.156,1997,7,KOR
227.28,1997,8,KOR
57.8981,1997,9,KOR
13.0008,1997,10,KOR
131.767,1997,11,KOR
54.9335,1997,12,KOR
42.7773,1998,1,KOR
49.4099,1998,2,KOR
47.8421,1998,3,KOR
164.334,1998,4,KOR
113.309,1998,5,KOR
304.679,1998,6,KOR
322.171,1998,7,KOR
386.963,1998,8,KOR
229.681,1998,9,KOR
63.9949,1998,10,KOR
31.6001,1998,11,KOR
6.80699,1998,12,KOR
20.0376,1999,1,KOR
19.7211,1999,2,KOR
97.8601,1999,3,KOR
96.1166,1999,4,KOR
150.387,1999,5,KOR
185.031,1999,6,KOR
278.125,1999,7,KOR
414.287,1999,8,KOR
333.377,1999,9,KOR
107.443,1999,10,KOR
26.4972,1999,11,KOR
9.73229,1999,12,KOR
34.9445,2000,1,KOR
3.61268,2000,2,KOR
26.4247,2000,3,KOR
39.5401,2000,4,KOR
59.4135,2000,5,KOR
188.259,2000,6,KOR
231.923,2000,7,KOR
384.904,2000,8,KOR
248.108,2000,9,KOR
31.5587,2000,10,KOR
49.4495,2000,11,KOR
14.7989,2000,12,KOR
47.8373,2001,1,KOR
56.9449,2001,2,KOR
16.201,2001,3,KOR
24.1716,2001,4,KOR
49.2078,2001,5,KOR
290.417,2001,6,KOR
308.09,2001,7,KOR
152.26,2001,8,KOR
92.8347,2001,9,KOR
105.746,2001,10,KOR
15.3745,2001,11,KOR
29.6825,2001,12,KOR
53.0434,2002,1,KOR
6.89596,2002,2,KOR
58.6208,2002,3,KOR
142.413,2002,4,KOR
97.1195,2002,5,KOR
71.1973,2002,6,KOR
290.697,2002,7,KOR
471.181,2002,8,KOR
79.6244,2002,9,KOR
61.5314,2002,10,KOR
10.0483,2002,11,KOR
34.2393,2002,12,KOR
24.0319,2003,1,KOR
46.3834,2003,2,KOR
53.8646,2003,3,KOR
180.082,2003,4,KOR
178.977,2003,5,KOR
234.581,2003,6,KOR
528.996,2003,7,KOR
452.394,2003,8,KOR
274.815,2003,9,KOR
29.4281,2003,10,KOR
91.6609,2003,11,KOR
15.931,2003,12,KOR
13.9102,2004,1,KOR
52.6915,2004,2,KOR
33.3396,2004,3,KOR
108.414,2004,4,KOR
143.946,2004,5,KOR
198.363,2004,6,KOR
329.708,2004,7,KOR
372.303,2004,8,KOR
196.69,2004,9,KOR
10.2733,2004,10,KOR
53.6495,2004,11,KOR
33.0342,2004,12,KOR
15.246,2005,1,KOR
35.2496,2005,2,KOR
57.7907,2005,3,KOR
83.9625,2005,4,KOR
98.713,2005,5,KOR
184.275,2005,6,KOR
247.972,2005,7,KOR
278.48,2005,8,KOR
231.001,2005,9,KOR
43.0204,2005,10,KOR
39.549,2005,11,KOR
10.7112,2005,12,KOR
30.8903,2006,1,KOR
28.693,2006,2,KOR
17.931,2006,3,KOR
103.494,2006,4,KOR
183.185,2006,5,KOR
170.593,2006,6,KOR
574.664,2006,7,KOR
152.623,2006,8,KOR
71.9909,2006,9,KOR
67.4291,2006,10,KOR
45.1399,2006,11,KOR
19.7586,2006,12,KOR
10.57,2007,1,KOR
41.6669,2007,2,KOR
103.872,2007,3,KOR
48.5596,2007,4,KOR
137.811,2007,5,KOR
97.5409,2007,6,KOR
293.427,2007,7,KOR
260.855,2007,8,KOR
315.053,2007,9,KOR
72.1737,2007,10,KOR
14.618,2007,11,KOR
27.3105,2007,12,KOR
41.835,2008,1,KOR
10.8801,2008,2,KOR
61.9917,2008,3,KOR
57.2577,2008,4,KOR
128.554,2008,5,KOR
230.574,2008,6,KOR
268.88,2008,7,KOR
238.888,2008,8,KOR
64.7627,2008,9,KOR
35.535,2008,10,KOR
21.1014,2008,11,KOR
21.1039,2008,12,KOR
12.5511,2009,1,KOR
37.5532,2009,2,KOR
57.4032,2009,3,KOR
68.0759,2009,4,KOR
121.588,2009,5,KOR
152.875,2009,6,KOR
525.183,2009,7,KOR
158.391,2009,8,KOR
50.1032,2009,9,KOR
57.1883,2009,10,KOR
57.8819,2009,11,KOR
21.9337,2009,12,KOR
28.6334,2010,1,KOR
70.1642,2010,2,KOR
101.962,2010,3,KOR
90.1181,2010,4,KOR
131.556,2010,5,KOR
103.713,2010,6,KOR
293.81,2010,7,KOR
364.443,2010,8,KOR
302.413,2010,9,KOR
39.926,2010,10,KOR
14.8066,2010,11,KOR
29.0709,2010,12,KOR
10.1163,2011,1,KOR
67.9782,2011,2,KOR
21.7994,2011,3,KOR
110.515,2011,4,KOR
116.794,2011,5,KOR
343.528,2011,6,KOR
345.713,2011,7,KOR
221.068,2011,8,KOR
56.023,2011,9,KOR
59.3189,2011,10,KOR
106.391,2011,11,KOR
20.2216,2011,12,KOR
20.3588,2012,1,KOR
13.6182,2012,2,KOR
100.949,2012,3,KOR
155.471,2012,4,KOR
37.7215,2012,5,KOR
94.2735,2012,6,KOR
335.804,2012,7,KOR
420.457,2012,8,KOR
263.19,2012,9,KOR
66.7435,2012,10,KOR
57.0352,2012,11,KOR
54.4533,2012,12,KOR
26.4028,2013,1,KOR
66.9352,2013,2,KOR
59.2858,2013,3,KOR
79.0608,2013,4,KOR
141.664,2013,5,KOR
80.7948,2013,6,KOR
368.873,2013,7,KOR
175.657,2013,8,KOR
109.74,2013,9,KOR
71.877,2013,10,KOR
47.7426,2013,11,KOR
19.3044,2013,12,KOR
14.9143,2014,1,KOR
46.9125,2014,2,KOR
73.542,2014,3,KOR
82.6032,2014,4,KOR
66.4021,2014,5,KOR
101.189,2014,6,KOR
164.596,2014,7,KOR
415.634,2014,8,KOR
98.6298,2014,9,KOR
105.381,2014,10,KOR
54.0795,2014,11,KOR
21.3305,2014,12,KOR
27.3651,2015,1,KOR
26.9702,2015,2,KOR
40.538,2015,3,KOR
138.908,2015,4,KOR
62.7042,2015,5,KOR
117.331,2015,6,KOR
202.235,2015,7,KOR
143.712,2015,8,KOR
65.1355,2015,9,KOR
59.5246,2015,10,KOR
121.374,2015,11,KOR
35.9026,2015,12,KOR
211.326,1991,1,LKA
50.4981,1991,2,LKA
114.078,1991,3,LKA
90.8101,1991,4,LKA
95.8019,1991,5,LKA
106.5,1991,6,LKA
59.4036,1991,7,LKA
111.807,1991,8,LKA
69.1989,1991,9,LKA
293.261,1991,10,LKA
247.978,1991,11,LKA
194.142,1991,12,LKA
27.5179,1992,1,LKA
2.015,1992,2,LKA
1.4228,1992,3,LKA
59.2122,1992,4,LKA
179.801,1992,5,LKA
56.5442,1992,6,LKA
95.8627,1992,7,LKA
71.222,1992,8,LKA
183.775,1992,9,LKA
127.56,1992,10,LKA
407.022,1992,11,LKA
186.385,1992,12,LKA
21.8218,1993,1,LKA
47.7297,1993,2,LKA
45.7311,1993,3,LKA
90.103,1993,4,LKA
226.245,1993,5,LKA
118.073,1993,6,LKA
55.685,1993,7,LKA
42.853,1993,8,LKA
81.7802,1993,9,LKA
268.582,1993,10,LKA
381.735,1993,11,LKA
415.126,1993,12,LKA
114.294,1994,1,LKA
184.955,1994,2,LKA
64.4307,1994,3,LKA
87.3021,1994,4,LKA
132.74,1994,5,LKA
17.4574,1994,6,LKA
57.1831,1994,7,LKA
58.8344,1994,8,LKA
243.531,1994,9,LKA
278.051,1994,10,LKA
515.902,1994,11,LKA
88.4126,1994,12,LKA
180.036,1995,1,LKA
81.2481,1995,2,LKA
21.0238,1995,3,LKA
256.403,1995,4,LKA
163.064,1995,5,LKA
88.6279,1995,6,LKA
60.4541,1995,7,LKA
101.174,1995,8,LKA
99.6118,1995,9,LKA
236.783,1995,10,LKA
190.079,1995,11,LKA
91.7355,1995,12,LKA
80.595,1996,1,LKA
116.12,1996,2,LKA
3.13019,1996,3,LKA
201.051,1996,4,LKA
67.9258,1996,5,LKA
157.053,1996,6,LKA
59.307,1996,7,LKA
138.654,1996,8,LKA
167.677,1996,9,LKA
198.973,1996,10,LKA
373.018,1996,11,LKA
156.235,1996,12,LKA
6.92516,1997,1,LKA
60.5724,1997,2,LKA
32.1077,1997,3,LKA
98.7821,1997,4,LKA
130.75,1997,5,LKA
72.4118,1997,6,LKA
102.215,1997,7,LKA
84.9547,1997,8,LKA
246.248,1997,9,LKA
345.165,1997,10,LKA
502.683,1997,11,LKA
214.472,1997,12,LKA
100.369,1998,1,LKA
5.94034,1998,2,LKA
18.6208,1998,3,LKA
31.2737,1998,4,LKA
140.715,1998,5,LKA
54.7461,1998,6,LKA
113.844,1998,7,LKA
64.4201,1998,8,LKA
98.0568,1998,9,LKA
117.411,1998,10,LKA
227.241,1998,11,LKA
424.693,1998,12,LKA
166.679,1999,1,LKA
187.084,1999,2,LKA
38.9261,1999,3,LKA
209.402,1999,4,LKA
89.769,1999,5,LKA
70.7929,1999,6,LKA
24.3717,1999,7,LKA
56.8767,1999,8,LKA
194.557,1999,9,LKA
309.723,1999,10,LKA
257.424,1999,11,LKA
182.43,1999,12,LKA
190.54,2000,1,LKA
206.104,2000,2,LKA
94.1468,2000,3,LKA
95.2753,2000,4,LKA
66.0507,2000,5,LKA
82.5025,2000,6,LKA
16.3091,2000,7,LKA
177.606,2000,8,LKA
187.941,2000,9,LKA
136.8,2000,10,LKA
224.734,2000,11,LKA
183.745,2000,12,LKA
212.596,2001,1,LKA
53.428,2001,2,LKA
15.2029,2001,3,LKA
261.389,2001,4,LKA
35.2242,2001,5,LKA
93.3802,2001,6,LKA
61.6296,2001,7,LKA
16.0911,2001,8,LKA
100.075,2001,9,LKA
156.12,2001,10,LKA
225.46,2001,11,LKA
237.108,2001,12,LKA
49.342,2002,1,LKA
62.0393,2002,2,LKA
56.1539,2002,3,LKA
177.942,2002,4,LKA
158.543,2002,5,LKA
46.0256,2002,6,LKA
27.7806,2002,7,LKA
60.8771,2002,8,LKA
64.1365,2002,9,LKA
338.795,2002,10,LKA
354.459,2002,11,LKA
345.041,2002,12,LKA
122.02,2003,1,LKA
99.4504,2003,2,LKA
115.455,2003,3,LKA
126.309,2003,4,LKA
128.658,2003,5,LKA
64.0636,2003,6,LKA
105.627,2003,7,LKA
71.3622,2003,8,LKA
116.476,2003,9,LKA
148.188,2003,10,LKA
475.283,2003,11,LKA
25.8405,2003,12,LKA
30.5258,2004,1,LKA
78.4145,2004,2,LKA
30.2656,2004,3,LKA
135.018,2004,4,LKA
232.607,2004,5,LKA
62.363,2004,6,LKA
73.4511,2004,7,LKA
89.0326,2004,8,LKA
261.546,2004,9,LKA
371.001,2004,10,LKA
270.811,2004,11,LKA
272.915,2004,12,LKA
132.47,2005,1,LKA
22.7678,2005,2,LKA
58.1692,2005,3,LKA
164.43,2005,4,LKA
108.854,2005,5,LKA
39.0621,2005,6,LKA
71.6699,2005,7,LKA
37.2521,2005,8,LKA
40.3613,2005,9,LKA
280.985,2005,10,LKA
569.363,2005,11,LKA
202.209,2005,12,LKA
151.672,2006,1,LKA
63.3155,2006,2,LKA
147.944,2006,3,LKA
99.2935,2006,4,LKA
58.4264,2006,5,LKA
56.8156,2006,6,LKA
37.3815,2006,7,LKA
79.6882,2006,8,LKA
204.515,2006,9,LKA
422.071,2006,10,LKA
490.266,2006,11,LKA
286.405,2006,12,LKA
172.863,2007,1,LKA
30.8414,2007,2,LKA
37.1908,2007,3,LKA
221.998,2007,4,LKA
52.0578,2007,5,LKA
59.6926,2007,6,LKA
80.6353,2007,7,LKA
155.409,2007,8,LKA
117.348,2007,9,LKA
262.136,2007,10,LKA
181.057,2007,11,LKA
214.006,2007,12,LKA
66.8307,2008,1,LKA
118.371,2008,2,LKA
261.062,2008,3,LKA
167.854,2008,4,LKA
59.4125,2008,5,LKA
59.7551,2008,6,LKA
91.443,2008,7,LKA
203.797,2008,8,LKA
33.0644,2008,9,LKA
286.151,2008,10,LKA
317.649,2008,11,LKA
309.108,2008,12,LKA
66.005,2009,1,LKA
23.6578,2009,2,LKA
141.996,2009,3,LKA
144.543,2009,4,LKA
55.8695,2009,5,LKA
61.8895,2009,6,LKA
45.1883,2009,7,LKA
165.995,2009,8,LKA
88.324,2009,9,LKA
187.669,2009,10,LKA
434.058,2009,11,LKA
180.033,2009,12,LKA
57.4105,2010,1,LKA
26.1874,2010,2,LKA
29.2844,2010,3,LKA
61.2245,2010,4,LKA
147.507,2010,5,LKA
69.0989,2010,6,LKA
109.92,2010,7,LKA
45.5118,2010,8,LKA
239.697,2010,9,LKA
216.094,2010,10,LKA
410.449,2010,11,LKA
342.399,2010,12,LKA
189.716,2011,1,LKA
178.43,2011,2,LKA
61.493,2011,3,LKA
163.75,2011,4,LKA
31.6738,2011,5,LKA
31.2122,2011,6,LKA
55.868,2011,7,LKA
164.102,2011,8,LKA
37.2975,2011,9,LKA
240.153,2011,10,LKA
295.575,2011,11,LKA
190.239,2011,12,LKA
66.1113,2012,1,LKA
86.7224,2012,2,LKA
96.7059,2012,3,LKA
151.183,2012,4,LKA
21.1119,2012,5,LKA
37.4695,2012,6,LKA
18.8264,2012,7,LKA
130.237,2012,8,LKA
186.497,2012,9,LKA
381.95,2012,10,LKA
193.02,2012,11,LKA
365.513,2012,12,LKA
144.04,2013,1,LKA
202.986,2013,2,LKA
177.055,2013,3,LKA
62.0057,2013,4,LKA
187.002,2013,5,LKA
65.5801,2013,6,LKA
60.0499,2013,7,LKA
42.0646,2013,8,LKA
99.6739,2013,9,LKA
99.867,2013,10,LKA
184.865,2013,11,LKA
133.624,2013,12,LKA
80.8748,2014,1,LKA
42.8487,2014,2,LKA
66.0694,2014,3,LKA
95.0231,2014,4,LKA
109.359,2014,5,LKA
52.0266,2014,6,LKA
87.1239,2014,7,LKA
130.306,2014,8,LKA
121.339,2014,9,LKA
320.435,2014,10,LKA
287.286,2014,11,LKA
468.339,2014,12,LKA
20.8749,2015,1,LKA
153.87,2015,2,LKA
101.196,2015,3,LKA
202.21,2015,4,LKA
100.853,2015,5,LKA
66.8216,2015,6,LKA
99.5796,2015,7,LKA
141.59,2015,8,LKA
219.311,2015,9,LKA
303.785,2015,10,LKA
405.224,2015,11,LKA
216.646,2015,12,LKA
172.988,1991,1,LCA
92.4111,1991,2,LCA
95.0222,1991,3,LCA
181.066,1991,4,LCA
158.333,1991,5,LCA
152.522,1991,6,LCA
178.155,1991,7,LCA
163.099,1991,8,LCA
311.333,1991,9,LCA
169.488,1991,10,LCA
632.133,1991,11,LCA
204.755,1991,12,LCA
88.2222,1992,1,LCA
106.677,1992,2,LCA
86.0333,1992,3,LCA
156.8,1992,4,LCA
218,1992,5,LCA
377.5,1992,6,LCA
204.466,1992,7,LCA
213.888,1992,8,LCA
455.722,1992,9,LCA
160.044,1992,10,LCA
705.588,1992,11,LCA
135.5,1992,12,LCA
199.199,1993,1,LCA
113.911,1993,2,LCA
126.566,1993,3,LCA
131.766,1993,4,LCA
297.755,1993,5,LCA
154.244,1993,6,LCA
236.266,1993,7,LCA
245.111,1993,8,LCA
358.1,1993,9,LCA
184.555,1993,10,LCA
321.844,1993,11,LCA
130.8,1993,12,LCA
113.544,1994,1,LCA
77.2222,1994,2,LCA
68.7888,1994,3,LCA
99.1777,1994,4,LCA
122.599,1994,5,LCA
163.322,1994,6,LCA
85.0888,1994,7,LCA
267.755,1994,8,LCA
463.055,1994,9,LCA
205.622,1994,10,LCA
168.444,1994,11,LCA
179.644,1994,12,LCA
122.533,1995,1,LCA
58.7888,1995,2,LCA
154.777,1995,3,LCA
179.533,1995,4,LCA
46.3777,1995,5,LCA
122.033,1995,6,LCA
243.899,1995,7,LCA
506.844,1995,8,LCA
400.288,1995,9,LCA
363.477,1995,10,LCA
199.044,1995,11,LCA
216.988,1995,12,LCA
149.633,1996,1,LCA
61.3444,1996,2,LCA
132.333,1996,3,LCA
119.022,1996,4,LCA
84.8888,1996,5,LCA
227.444,1996,6,LCA
331.522,1996,7,LCA
329.711,1996,8,LCA
314.899,1996,9,LCA
422.322,1996,10,LCA
457.7,1996,11,LCA
222.5,1996,12,LCA
151.333,1997,1,LCA
88.2111,1997,2,LCA
64.3,1997,3,LCA
54.3444,1997,4,LCA
139.388,1997,5,LCA
121.3,1997,6,LCA
286.766,1997,7,LCA
217.911,1997,8,LCA
242.633,1997,9,LCA
155.722,1997,10,LCA
281.333,1997,11,LCA
121.266,1997,12,LCA
153.344,1998,1,LCA
31.1444,1998,2,LCA
49.3111,1998,3,LCA
93.8888,1998,4,LCA
258.066,1998,5,LCA
311.977,1998,6,LCA
268.955,1998,7,LCA
277.566,1998,8,LCA
308.033,1998,9,LCA
397.544,1998,10,LCA
261.566,1998,11,LCA
430.488,1998,12,LCA
165.644,1999,1,LCA
66.8777,1999,2,LCA
67.0999,1999,3,LCA
226.199,1999,4,LCA
42.9111,1999,5,LCA
171.1,1999,6,LCA
253.711,1999,7,LCA
216.899,1999,8,LCA
183.922,1999,9,LCA
217,1999,10,LCA
407.811,1999,11,LCA
164,1999,12,LCA
168.144,2000,1,LCA
213.022,2000,2,LCA
124.222,2000,3,LCA
86.7888,2000,4,LCA
120.044,2000,5,LCA
136.8,2000,6,LCA
181.822,2000,7,LCA
219.1,2000,8,LCA
260.422,2000,9,LCA
180.277,2000,10,LCA
402.888,2000,11,LCA
125.077,2000,12,LCA
49.9888,2001,1,LCA
86.8333,2001,2,LCA
39.8666,2001,3,LCA
102.844,2001,4,LCA
59.2222,2001,5,LCA
97.9666,2001,6,LCA
235.333,2001,7,LCA
205.377,2001,8,LCA
166.722,2001,9,LCA
393.066,2001,10,LCA
145.333,2001,11,LCA
352.588,2001,12,LCA
148.733,2002,1,LCA
80.0999,2002,2,LCA
87.9888,2002,3,LCA
261.555,2002,4,LCA
249.644,2002,5,LCA
141.688,2002,6,LCA
146.777,2002,7,LCA
187.711,2002,8,LCA
182.444,2002,9,LCA
243.766,2002,10,LCA
200.777,2002,11,LCA
66.6222,2002,12,LCA
53.8666,2003,1,LCA
87.9555,2003,2,LCA
39.9666,2003,3,LCA
78.3888,2003,4,LCA
67.8555,2003,5,LCA
207.211,2003,6,LCA
253.233,2003,7,LCA
314.066,2003,8,LCA
224.333,2003,9,LCA
371.455,2003,10,LCA
306.388,2003,11,LCA
79.0444,2003,12,LCA
86.2777,2004,1,LCA
85.6111,2004,2,LCA
193.111,2004,3,LCA
181.399,2004,4,LCA
450.333,2004,5,LCA
240.533,2004,6,LCA
415.066,2004,7,LCA
161.566,2004,8,LCA
245.166,2004,9,LCA
344.699,2004,10,LCA
736.711,2004,11,LCA
176.455,2004,12,LCA
215.011,2005,1,LCA
149.199,2005,2,LCA
41.4666,2005,3,LCA
68.3222,2005,4,LCA
268.444,2005,5,LCA
398.944,2005,6,LCA
274.344,2005,7,LCA
253.244,2005,8,LCA
101.977,2005,9,LCA
411.755,2005,10,LCA
625.133,2005,11,LCA
196.033,2005,12,LCA
177.222,2006,1,LCA
99.0999,2006,2,LCA
65.1555,2006,3,LCA
74.4111,2006,4,LCA
125.244,2006,5,LCA
278.588,2006,6,LCA
261.011,2006,7,LCA
263.533,2006,8,LCA
244.644,2006,9,LCA
276.644,2006,10,LCA
214.933,2006,11,LCA
144.1,2006,12,LCA
140.155,2007,1,LCA
80.5,2007,2,LCA
91.0777,2007,3,LCA
119.077,2007,4,LCA
71.8,2007,5,LCA
189.766,2007,6,LCA
176.588,2007,7,LCA
423.422,2007,8,LCA
271.355,2007,9,LCA
303.277,2007,10,LCA
158.377,2007,11,LCA
136.666,2007,12,LCA
114.788,2008,1,LCA
144.211,2008,2,LCA
96.0999,2008,3,LCA
114.055,2008,4,LCA
87.9111,2008,5,LCA
169.922,2008,6,LCA
201.622,2008,7,LCA
208.366,2008,8,LCA
334.588,2008,9,LCA
561.044,2008,10,LCA
260.877,2008,11,LCA
167.611,2008,12,LCA
189.322,2009,1,LCA
84.4666,2009,2,LCA
28.1111,2009,3,LCA
218.544,2009,4,LCA
449.477,2009,5,LCA
239.255,2009,6,LCA
190.977,2009,7,LCA
133.066,2009,8,LCA
161.122,2009,9,LCA
154.544,2009,10,LCA
156.722,2009,11,LCA
101.011,2009,12,LCA
117.944,2010,1,LCA
5.17777,2010,2,LCA
119.755,2010,3,LCA
181.977,2010,4,LCA
234.866,2010,5,LCA
351.488,2010,6,LCA
386.244,2010,7,LCA
357.422,2010,8,LCA
318.355,2010,9,LCA
385.966,2010,10,LCA
364,2010,11,LCA
135.433,2010,12,LCA
175.088,2011,1,LCA
96.0333,2011,2,LCA
186.266,2011,3,LCA
283.433,2011,4,LCA
269.877,2011,5,LCA
188.655,2011,6,LCA
377.844,2011,7,LCA
465.566,2011,8,LCA
441.555,2011,9,LCA
223.833,2011,10,LCA
353.411,2011,11,LCA
234.111,2011,12,LCA
81.0888,2012,1,LCA
109.088,2012,2,LCA
89.5,2012,3,LCA
263.622,2012,4,LCA
443.1,2012,5,LCA
71.5,2012,6,LCA
164.022,2012,7,LCA
406.922,2012,8,LCA
200.633,2012,9,LCA
273.633,2012,10,LCA
137.022,2012,11,LCA
214.5,2012,12,LCA
101.577,2013,1,LCA
73.1333,2013,2,LCA
70.2111,2013,3,LCA
206.933,2013,4,LCA
269.744,2013,5,LCA
227.344,2013,6,LCA
233.411,2013,7,LCA
297.055,2013,8,LCA
188.288,2013,9,LCA
267.6,2013,10,LCA
200.166,2013,11,LCA
269.988,2013,12,LCA
138.944,2014,1,LCA
138.066,2014,2,LCA
59.1333,2014,3,LCA
153.022,2014,4,LCA
73.8666,2014,5,LCA
135.699,2014,6,LCA
97.6222,2014,7,LCA
234.933,2014,8,LCA
207.111,2014,9,LCA
236.699,2014,10,LCA
425.522,2014,11,LCA
157.544,2014,12,LCA
127.088,2015,1,LCA
103.866,2015,2,LCA
162.022,2015,3,LCA
151.366,2015,4,LCA
42.2444,2015,5,LCA
86.2888,2015,6,LCA
168.266,2015,7,LCA
121.699,2015,8,LCA
200.222,2015,9,LCA
160.055,2015,10,LCA
417.022,2015,11,LCA
146.011,2015,12,LCA
159.105,1991,1,SUR
117.126,1991,2,SUR
138.576,1991,3,SUR
292.923,1991,4,SUR
390.238,1991,5,SUR
366.068,1991,6,SUR
273.614,1991,7,SUR
222.118,1991,8,SUR
108.974,1991,9,SUR
39.5524,1991,10,SUR
34.2219,1991,11,SUR
107.301,1991,12,SUR
106.04,1992,1,SUR
210.001,1992,2,SUR
202.104,1992,3,SUR
292.483,1992,4,SUR
236.522,1992,5,SUR
218.508,1992,6,SUR
229.338,1992,7,SUR
159.783,1992,8,SUR
23.2462,1992,9,SUR
45.2995,1992,10,SUR
56.4851,1992,11,SUR
141.257,1992,12,SUR
297.577,1993,1,SUR
177.053,1993,2,SUR
300.451,1993,3,SUR
214.937,1993,4,SUR
421.111,1993,5,SUR
349.822,1993,6,SUR
224.044,1993,7,SUR
155.222,1993,8,SUR
97.0052,1993,9,SUR
72.1061,1993,10,SUR
187.503,1993,11,SUR
143.075,1993,12,SUR
114.926,1994,1,SUR
197.579,1994,2,SUR
258.354,1994,3,SUR
212.322,1994,4,SUR
351.406,1994,5,SUR
384.004,1994,6,SUR
238.856,1994,7,SUR
214.783,1994,8,SUR
99.7802,1994,9,SUR
62.0061,1994,10,SUR
127.36,1994,11,SUR
79.8665,1994,12,SUR
110.924,1995,1,SUR
88.8478,1995,2,SUR
306.049,1995,3,SUR
145.279,1995,4,SUR
271.824,1995,5,SUR
435.997,1995,6,SUR
302.05,1995,7,SUR
165.982,1995,8,SUR
43.9472,1995,9,SUR
37.9097,1995,10,SUR
127.418,1995,11,SUR
134.225,1995,12,SUR
345.121,1996,1,SUR
295.866,1996,2,SUR
170.036,1996,3,SUR
109.898,1996,4,SUR
381.359,1996,5,SUR
429.795,1996,6,SUR
333.623,1996,7,SUR
153.97,1996,8,SUR
81.3745,1996,9,SUR
54.007,1996,10,SUR
112.023,1996,11,SUR
104.719,1996,12,SUR
331.076,1997,1,SUR
283.168,1997,2,SUR
137.845,1997,3,SUR
177.543,1997,4,SUR
328.301,1997,5,SUR
226.751,1997,6,SUR
189.496,1997,7,SUR
98.5791,1997,8,SUR
40.1542,1997,9,SUR
17.3373,1997,10,SUR
60.7501,1997,11,SUR
192.802,1997,12,SUR
108.455,1998,1,SUR
51.3331,1998,2,SUR
76.3664,1998,3,SUR
324.635,1998,4,SUR
357.42,1998,5,SUR
343.311,1998,6,SUR
209.092,1998,7,SUR
168.969,1998,8,SUR
66.06,1998,9,SUR
60.8866,1998,10,SUR
77.4229,1998,11,SUR
227.175,1998,12,SUR
243.721,1999,1,SUR
208.952,1999,2,SUR
149.922,1999,3,SUR
281.064,1999,4,SUR
255.716,1999,5,SUR
285.404,1999,6,SUR
224.771,1999,7,SUR
301.243,1999,8,SUR
94.9074,1999,9,SUR
74.4351,1999,10,SUR
21.3823,1999,11,SUR
145.112,1999,12,SUR
350.15,2000,1,SUR
332.917,2000,2,SUR
219.532,2000,3,SUR
328.615,2000,4,SUR
465.213,2000,5,SUR
256.208,2000,6,SUR
228.558,2000,7,SUR
222.408,2000,8,SUR
74.069,2000,9,SUR
87.7645,2000,10,SUR
75.1054,2000,11,SUR
177.337,2000,12,SUR
188.044,2001,1,SUR
108.414,2001,2,SUR
116.682,2001,3,SUR
178.564,2001,4,SUR
337.431,2001,5,SUR
252.216,2001,6,SUR
234.441,2001,7,SUR
99.1987,2001,8,SUR
78.6457,2001,9,SUR
50.1042,2001,10,SUR
71.4464,2001,11,SUR
146.985,2001,12,SUR
145.518,2002,1,SUR
136.329,2002,2,SUR
174.666,2002,3,SUR
326.719,2002,4,SUR
334.789,2002,5,SUR
293.491,2002,6,SUR
150.478,2002,7,SUR
157.608,2002,8,SUR
29.4305,2002,9,SUR
32.162,2002,10,SUR
73.1261,2002,11,SUR
153.434,2002,12,SUR
62.9682,2003,1,SUR
82.4685,2003,2,SUR
67.2683,2003,3,SUR
197.838,2003,4,SUR
428.443,2003,5,SUR
301.583,2003,6,SUR
274.273,2003,7,SUR
150.159,2003,8,SUR
63.1581,2003,9,SUR
56.6059,2003,10,SUR
98.7615,2003,11,SUR
95.6198,2003,12,SUR
101.819,2004,1,SUR
118.421,2004,2,SUR
232.972,2004,3,SUR
383.044,2004,4,SUR
422.168,2004,5,SUR
222.946,2004,6,SUR
266.344,2004,7,SUR
171.565,2004,8,SUR
72.9461,2004,9,SUR
50.6392,2004,10,SUR
32.586,2004,11,SUR
92.2758,2004,12,SUR
310.916,2005,1,SUR
218.937,2005,2,SUR
230.087,2005,3,SUR
386.249,2005,4,SUR
403.306,2005,5,SUR
213.247,2005,6,SUR
265.509,2005,7,SUR
201.26,2005,8,SUR
41.8012,2005,9,SUR
41.2629,2005,10,SUR
66.8576,2005,11,SUR
295.557,2005,12,SUR
329.897,2006,1,SUR
207.6,2006,2,SUR
161.643,2006,3,SUR
220.53,2006,4,SUR
450.194,2006,5,SUR
396.098,2006,6,SUR
246.959,2006,7,SUR
125.709,2006,8,SUR
50.1827,2006,9,SUR
45.6789,2006,10,SUR
103.884,2006,11,SUR
132.828,2006,12,SUR
185.36,2007,1,SUR
85.7253,2007,2,SUR
293.423,2007,3,SUR
296.204,2007,4,SUR
433.668,2007,5,SUR
312.084,2007,6,SUR
256.575,2007,7,SUR
186.285,2007,8,SUR
108.32,2007,9,SUR
92.7269,2007,10,SUR
80.9604,2007,11,SUR
248.256,2007,12,SUR
194.296,2008,1,SUR
408.839,2008,2,SUR
201.524,2008,3,SUR
190.297,2008,4,SUR
404.785,2008,5,SUR
300.133,2008,6,SUR
291.923,2008,7,SUR
145.372,2008,8,SUR
94.7343,2008,9,SUR
91.1467,2008,10,SUR
40.3709,2008,11,SUR
339.914,2008,12,SUR
315.819,2009,1,SUR
231.647,2009,2,SUR
237.315,2009,3,SUR
192.735,2009,4,SUR
84.8754,2009,5,SUR
286.386,2009,6,SUR
198.975,2009,7,SUR
94.3777,2009,8,SUR
32.5395,2009,9,SUR
93.8351,2009,10,SUR
74.5177,2009,11,SUR
198.312,2009,12,SUR
140.865,2010,1,SUR
215.339,2010,2,SUR
237.515,2010,3,SUR
286.527,2010,4,SUR
385.42,2010,5,SUR
257.725,2010,6,SUR
256.143,2010,7,SUR
244.449,2010,8,SUR
87.4874,2010,9,SUR
54.6242,2010,10,SUR
114.52,2010,11,SUR
176.305,2010,12,SUR
158.335,2011,1,SUR
311.118,2011,2,SUR
497.847,2011,3,SUR
120.15,2011,4,SUR
458.869,2011,5,SUR
293.756,2011,6,SUR
237.098,2011,7,SUR
147.105,2011,8,SUR
57.5809,2011,9,SUR
99.4961,2011,10,SUR
92.9411,2011,11,SUR
108.036,2011,12,SUR
254.955,2012,1,SUR
243.542,2012,2,SUR
169.147,2012,3,SUR
390.279,2012,4,SUR
390.143,2012,5,SUR
168.213,2012,6,SUR
204.578,2012,7,SUR
188.286,2012,8,SUR
20.0496,2012,9,SUR
19.3369,2012,10,SUR
45.605,2012,11,SUR
117.398,2012,12,SUR
91.5519,2013,1,SUR
342.599,2013,2,SUR
194.282,2013,3,SUR
329.317,2013,4,SUR
436.185,2013,5,SUR
191.115,2013,6,SUR
225.652,2013,7,SUR
216.587,2013,8,SUR
72.8429,2013,9,SUR
105.105,2013,10,SUR
143.134,2013,11,SUR
205.504,2013,12,SUR
153.234,2014,1,SUR
228.321,2014,2,SUR
136.974,2014,3,SUR
149.865,2014,4,SUR
276.115,2014,5,SUR
322.63,2014,6,SUR
287.02,2014,7,SUR
184.109,2014,8,SUR
26.3127,2014,9,SUR
39.047,2014,10,SUR
129.975,2014,11,SUR
142.715,2014,12,SUR
216.312,2015,1,SUR
166.934,2015,2,SUR
225.017,2015,3,SUR
219.347,2015,4,SUR
424.982,2015,5,SUR
371.983,2015,6,SUR
254.162,2015,7,SUR
166.556,2015,8,SUR
41.3672,2015,9,SUR
22.8797,2015,10,SUR
55.1744,2015,11,SUR
142.168,2015,12,SUR
54.6579,1991,1,SWE
18.1937,1991,2,SWE
45.8253,1991,3,SWE
18.3576,1991,4,SWE
41.1656,1991,5,SWE
111.02,1991,6,SWE
48.414,1991,7,SWE
56.3463,1991,8,SWE
70.4124,1991,9,SWE
46.1205,1991,10,SWE
63.8776,1991,11,SWE
39.1421,1991,12,SWE
46.0314,1992,1,SWE
36.458,1992,2,SWE
39.6058,1992,3,SWE
68.5702,1992,4,SWE
28.8836,1992,5,SWE
25.4523,1992,6,SWE
88.5622,1992,7,SWE
108.991,1992,8,SWE
49.972,1992,9,SWE
52.4849,1992,10,SWE
84.2575,1992,11,SWE
47.2585,1992,12,SWE
55.5333,1993,1,SWE
33.2342,1993,2,SWE
29.0885,1993,3,SWE
17.3761,1993,4,SWE
43.6693,1993,5,SWE
68.0588,1993,6,SWE
119.733,1993,7,SWE
104.509,1993,8,SWE
35.982,1993,9,SWE
70.9019,1993,10,SWE
24.0589,1993,11,SWE
76.3816,1993,12,SWE
69.146,1994,1,SWE
13.3992,1994,2,SWE
43.4411,1994,3,SWE
29.9965,1994,4,SWE
18.6394,1994,5,SWE
69.3068,1994,6,SWE
24.7299,1994,7,SWE
60.0234,1994,8,SWE
89.5335,1994,9,SWE
52.6076,1994,10,SWE
40.9121,1994,11,SWE
60.4958,1994,12,SWE
55.3549,1995,1,SWE
50.47,1995,2,SWE
55.8523,1995,3,SWE
50.7145,1995,4,SWE
60.8358,1995,5,SWE
77.155,1995,6,SWE
66.8821,1995,7,SWE
55.8703,1995,8,SWE
53.9983,1995,9,SWE
62.1254,1995,10,SWE
45.7846,1995,11,SWE
20.1229,1995,12,SWE
11.4297,1996,1,SWE
20.8034,1996,2,SWE
16.2194,1996,3,SWE
30.174,1996,4,SWE
55.0249,1996,5,SWE
69.6133,1996,6,SWE
79.0308,1996,7,SWE
62.8992,1996,8,SWE
41.5877,1996,9,SWE
64.5534,1996,10,SWE
93.6987,1996,11,SWE
46.0032,1996,12,SWE
40.9591,1997,1,SWE
56.1053,1997,2,SWE
40.003,1997,3,SWE
35.7522,1997,4,SWE
49.308,1997,5,SWE
56.4722,1997,6,SWE
64.6201,1997,7,SWE
52.4284,1997,8,SWE
60.8563,1997,9,SWE
49.4336,1997,10,SWE
55.9871,1997,11,SWE
54.217,1997,12,SWE
56.7475,1998,1,SWE
55.6563,1998,2,SWE
37.4465,1998,3,SWE
38.3275,1998,4,SWE
44.0749,1998,5,SWE
92.7959,1998,6,SWE
119.295,1998,7,SWE
111.627,1998,8,SWE
66.5474,1998,9,SWE
94.2668,1998,10,SWE
32.4936,1998,11,SWE
51.6825,1998,12,SWE
54.4433,1999,1,SWE
49.378,1999,2,SWE
45.2859,1999,3,SWE
55.7943,1999,4,SWE
37.2818,1999,5,SWE
83.4184,1999,6,SWE
72.4362,1999,7,SWE
60.6621,1999,8,SWE
60.0358,1999,9,SWE
61.7401,1999,10,SWE
54.9947,1999,11,SWE
71.8447,1999,12,SWE
53.0611,2000,1,SWE
45.5192,2000,2,SWE
37.6445,2000,3,SWE
58.95,2000,4,SWE
56.941,2000,5,SWE
92.1709,2000,6,SWE
120.562,2000,7,SWE
82.7284,2000,8,SWE
32.5286,2000,9,SWE
96.7908,2000,10,SWE
95.3347,2000,11,SWE
72.8895,2000,12,SWE
44.4824,2001,1,SWE
40.5373,2001,2,SWE
29.9781,2001,3,SWE
52.567,2001,4,SWE
44.5897,2001,5,SWE
55.7141,2001,6,SWE
105.372,2001,7,SWE
109.239,2001,8,SWE
94.2312,2001,9,SWE
74.2325,2001,10,SWE
46.403,2001,11,SWE
41.0036,2001,12,SWE
73.0989,2002,1,SWE
57.2428,2002,2,SWE
43.2626,2002,3,SWE
24.278,2002,4,SWE
38.2375,2002,5,SWE
87.6214,2002,6,SWE
81.1104,2002,7,SWE
32.9522,2002,8,SWE
34.5303,2002,9,SWE
57.8264,2002,10,SWE
47.1254,2002,11,SWE
22.4949,2002,12,SWE
51.8708,2003,1,SWE
18.0512,2003,2,SWE
19.1267,2003,3,SWE
34.1784,2003,4,SWE
56.6421,2003,5,SWE
56.0448,2003,6,SWE
70.5924,2003,7,SWE
76.5148,2003,8,SWE
43.5117,2003,9,SWE
43.3644,2003,10,SWE
52.6261,2003,11,SWE
60.7594,2003,12,SWE
42.9948,2004,1,SWE
33.1639,2004,2,SWE
36.148,2004,3,SWE
18.6236,2004,4,SWE
26.4867,2004,5,SWE
65.1697,2004,6,SWE
113.668,2004,7,SWE
94.3566,2004,8,SWE
80.7587,2004,9,SWE
51.0376,2004,10,SWE
50.7273,2004,11,SWE
51.5813,2004,12,SWE
63.082,2005,1,SWE
31.9101,2005,2,SWE
24.0352,2005,3,SWE
18.8281,2005,4,SWE
62.1826,2005,5,SWE
69.5326,2005,6,SWE
77.3369,2005,7,SWE
96.4487,2005,8,SWE
41.5017,2005,9,SWE
43.9083,2005,10,SWE
55.1007,2005,11,SWE
50.7463,2005,12,SWE
26.9704,2006,1,SWE
31.4517,2006,2,SWE
36.6463,2006,3,SWE
44.874,2006,4,SWE
60.2911,2006,5,SWE
42.3723,2006,6,SWE
34.8417,2006,7,SWE
84.5653,2006,8,SWE
65.0664,2006,9,SWE
105.255,2006,10,SWE
82.3673,2006,11,SWE
71.3261,2006,12,SWE
70.221,2007,1,SWE
32.8122,2007,2,SWE
33.8726,2007,3,SWE
20.7771,2007,4,SWE
64.7124,2007,5,SWE
58.1494,2007,6,SWE
97.1648,2007,7,SWE
70.1717,2007,8,SWE
72.1914,2007,9,SWE
34.4628,2007,10,SWE
67.1109,2007,11,SWE
56.6988,2007,12,SWE
74.8023,2008,1,SWE
46.553,2008,2,SWE
51.3522,2008,3,SWE
35.9477,2008,4,SWE
33.1745,2008,5,SWE
68.5208,2008,6,SWE
59.0087,2008,7,SWE
114.37,2008,8,SWE
39.0888,2008,9,SWE
73.5265,2008,10,SWE
60.3274,2008,11,SWE
55.8998,2008,12,SWE
33.8832,2009,1,SWE
42.4801,2009,2,SWE
27.9521,2009,3,SWE
21.9647,2009,4,SWE
46.1873,2009,5,SWE
62.2971,2009,6,SWE
119.814,2009,7,SWE
81.7281,2009,8,SWE
56.4556,2009,9,SWE
59.3253,2009,10,SWE
72.0392,2009,11,SWE
41.243,2009,12,SWE
27.8404,2010,1,SWE
43.5071,2010,2,SWE
35.4102,2010,3,SWE
23.3088,2010,4,SWE
61.8266,2010,5,SWE
78.3581,2010,6,SWE
97.9158,2010,7,SWE
88.9934,2010,8,SWE
50.9884,2010,9,SWE
46.862,2010,10,SWE
46.509,2010,11,SWE
37.578,2010,12,SWE
50.8764,2011,1,SWE
34.6396,2011,2,SWE
30.9529,2011,3,SWE
19.9689,2011,4,SWE
60.0472,2011,5,SWE
69.401,2011,6,SWE
71.1114,2011,7,SWE
99.2538,2011,8,SWE
87.0386,2011,9,SWE
56.7208,2011,10,SWE
35.4692,2011,11,SWE
83.6552,2011,12,SWE
53.5902,2012,1,SWE
37.588,2012,2,SWE
25.5403,2012,3,SWE
47.4211,2012,4,SWE
42.7221,2012,5,SWE
80.8133,2012,6,SWE
105.75,2012,7,SWE
87.5614,2012,8,SWE
81.3503,2012,9,SWE
73.7987,2012,10,SWE
49.6746,2012,11,SWE
52.9517,2012,12,SWE
33.8445,2013,1,SWE
28.9527,2013,2,SWE
15.2759,2013,3,SWE
34.7378,2013,4,SWE
35.0736,2013,5,SWE
76.5325,2013,6,SWE
69.2979,2013,7,SWE
67.4307,2013,8,SWE
58.6174,2013,9,SWE
59.9898,2013,10,SWE
47.7945,2013,11,SWE
72.2817,2013,12,SWE
32.8825,2014,1,SWE
43.7232,2014,2,SWE
50.4136,2014,3,SWE
40.9624,2014,4,SWE
46.6879,2014,5,SWE
49.5435,2014,6,SWE
50.1928,2014,7,SWE
79.6746,2014,8,SWE
51.3283,2014,9,SWE
72.8433,2014,10,SWE
53.13,2014,11,SWE
65.1226,2014,12,SWE
72.8747,2015,1,SWE
40.5757,2015,2,SWE
49.2492,2015,3,SWE
32.0202,2015,4,SWE
66.0666,2015,5,SWE
74.8724,2015,6,SWE
79.6969,2015,7,SWE
45.1595,2015,8,SWE
83.6659,2015,9,SWE
38.7453,2015,10,SWE
71.8391,2015,11,SWE
65.1638,2015,12,SWE
81.3254,1991,1,CHE
42.476,1991,2,CHE
125.319,1991,3,CHE
78.8269,1991,4,CHE
104.361,1991,5,CHE
202.83,1991,6,CHE
141.451,1991,7,CHE
29.4812,1991,8,CHE
168.354,1991,9,CHE
89.5503,1991,10,CHE
114.899,1991,11,CHE
144.275,1991,12,CHE
30.2756,1992,1,CHE
81.3201,1992,2,CHE
147.422,1992,3,CHE
136.749,1992,4,CHE
67.0239,1992,5,CHE
175.545,1992,6,CHE
157.532,1992,7,CHE
135.658,1992,8,CHE
112.061,1992,9,CHE
196.575,1992,10,CHE
200.903,1992,11,CHE
133.166,1992,12,CHE
52.2401,1993,1,CHE
34.7485,1993,2,CHE
54.1223,1993,3,CHE
142.026,1993,4,CHE
113.062,1993,5,CHE
172.995,1993,6,CHE
214.537,1993,7,CHE
129.085,1993,8,CHE
232.736,1993,9,CHE
182.178,1993,10,CHE
50.7927,1993,11,CHE
183.615,1993,12,CHE
173.977,1994,1,CHE
77.2635,1994,2,CHE
70.7983,1994,3,CHE
160.16,1994,4,CHE
218.478,1994,5,CHE
109.643,1994,6,CHE
120.799,1994,7,CHE
161.858,1994,8,CHE
235.67,1994,9,CHE
87.7758,1994,10,CHE
94.9989,1994,11,CHE
125.335,1994,12,CHE
206.252,1995,1,CHE
149.377,1995,2,CHE
130.189,1995,3,CHE
123.28,1995,4,CHE
215.246,1995,5,CHE
123.703,1995,6,CHE
110.866,1995,7,CHE
175.365,1995,8,CHE
196.237,1995,9,CHE
20.4918,1995,10,CHE
103.529,1995,11,CHE
148.54,1995,12,CHE
65.8316,1996,1,CHE
70.3168,1996,2,CHE
50.949,1996,3,CHE
67.5253,1996,4,CHE
169.154,1996,5,CHE
118.062,1996,6,CHE
187.834,1996,7,CHE
221.2,1996,8,CHE
74.7365,1996,9,CHE
136.377,1996,10,CHE
236.245,1996,11,CHE
102.206,1996,12,CHE
57.9711,1997,1,CHE
86.1419,1997,2,CHE
50.2308,1997,3,CHE
105.259,1997,4,CHE
103.804,1997,5,CHE
240.757,1997,6,CHE
203.178,1997,7,CHE
120.002,1997,8,CHE
86.5488,1997,9,CHE
87.0337,1997,10,CHE
95.9651,1997,11,CHE
168.206,1997,12,CHE
113.605,1998,1,CHE
30.1757,1998,2,CHE
66.6235,1998,3,CHE
177.031,1998,4,CHE
73.564,1998,5,CHE
166.187,1998,6,CHE
138.698,1998,7,CHE
98.1507,1998,8,CHE
211.839,1998,9,CHE
180.319,1998,10,CHE
102.603,1998,11,CHE
50.1775,1998,12,CHE
103.726,1999,1,CHE
162.431,1999,2,CHE
100.432,1999,3,CHE
170.694,1999,4,CHE
228.723,1999,5,CHE
196.018,1999,6,CHE
124.43,1999,7,CHE
211.694,1999,8,CHE
181.281,1999,9,CHE
112.521,1999,10,CHE
105.279,1999,11,CHE
184.204,1999,12,CHE
49.4398,2000,1,CHE
123.703,2000,2,CHE
112.61,2000,3,CHE
128.062,2000,4,CHE
130.97,2000,5,CHE
96.2124,2000,6,CHE
262.995,2000,7,CHE
152.884,2000,8,CHE
139.286,2000,9,CHE
172.112,2000,10,CHE
183.331,2000,11,CHE
73.4303,2000,12,CHE
150.939,2001,1,CHE
89.435,2001,2,CHE
243.352,2001,3,CHE
183.611,2001,4,CHE
98.4644,2001,5,CHE
228.758,2001,6,CHE
160.098,2001,7,CHE
157.388,2001,8,CHE
168.528,2001,9,CHE
81.0106,2001,10,CHE
94.6996,2001,11,CHE
55.7837,2001,12,CHE
32.1041,2002,1,CHE
130.824,2002,2,CHE
109.956,2002,3,CHE
85.7386,2002,4,CHE
252.453,2002,5,CHE
143.89,2002,6,CHE
178.96,2002,7,CHE
212.683,2002,8,CHE
144.649,2002,9,CHE
147.259,2002,10,CHE
282.821,2002,11,CHE
105.385,2002,12,CHE
98.9443,2003,1,CHE
39.5688,2003,2,CHE
29.6201,2003,3,CHE
90.3979,2003,4,CHE
112.181,2003,5,CHE
106.446,2003,6,CHE
142.304,2003,7,CHE
108.131,2003,8,CHE
64.9972,2003,9,CHE
187.124,2003,10,CHE
91.5642,2003,11,CHE
87.8341,2003,12,CHE
189.844,2004,1,CHE
66.2388,2004,2,CHE
65.8662,2004,3,CHE
83.1454,2004,4,CHE
128.005,2004,5,CHE
130.883,2004,6,CHE
129.427,2004,7,CHE
198.871,2004,8,CHE
75.075,2004,9,CHE
156.87,2004,10,CHE
71.3089,2004,11,CHE
84.7095,2004,12,CHE
81.8512,2005,1,CHE
67.3327,2005,2,CHE
58.8771,2005,3,CHE
160.142,2005,4,CHE
141.98,2005,5,CHE
100.291,2005,6,CHE
138.115,2005,7,CHE
184.24,2005,8,CHE
111.144,2005,9,CHE
83.4204,2005,10,CHE
40.6968,2005,11,CHE
117.615,2005,12,CHE
46.3168,2006,1,CHE
88.783,2006,2,CHE
185.793,2006,3,CHE
181.314,2006,4,CHE
193.311,2006,5,CHE
87.5833,2006,6,CHE
104.259,2006,7,CHE
242.29,2006,8,CHE
149.594,2006,9,CHE
83.7284,2006,10,CHE
59.1529,2006,11,CHE
111.672,2006,12,CHE
113.87,2007,1,CHE
98.297,2007,2,CHE
104.03,2007,3,CHE
17.7429,2007,4,CHE
230.867,2007,5,CHE
206.393,2007,6,CHE
204.42,2007,7,CHE
255.188,2007,8,CHE
103.28,2007,9,CHE
34.3719,2007,10,CHE
96.286,2007,11,CHE
108.097,2007,12,CHE
110.091,2008,1,CHE
42.4744,2008,2,CHE
119.095,2008,3,CHE
202.494,2008,4,CHE
98.6126,2008,5,CHE
122.369,2008,6,CHE
216.739,2008,7,CHE
161.159,2008,8,CHE
156.701,2008,9,CHE
140.669,2008,10,CHE
120.07,2008,11,CHE
143.83,2008,12,CHE
70.9417,2009,1,CHE
126.5,2009,2,CHE
124.638,2009,3,CHE
92.8428,2009,4,CHE
89.0983,2009,5,CHE
157.075,2009,6,CHE
229.082,2009,7,CHE
86.5405,2009,8,CHE
76.3527,2009,9,CHE
77.2014,2009,10,CHE
153.658,2009,11,CHE
171.706,2009,12,CHE
53.2473,2010,1,CHE
75.4087,2010,2,CHE
81.4136,2010,3,CHE
43.0638,2010,4,CHE
246.725,2010,5,CHE
120.569,2010,6,CHE
160.052,2010,7,CHE
224.031,2010,8,CHE
109.804,2010,9,CHE
81.6434,2010,10,CHE
131.916,2010,11,CHE
151.87,2010,12,CHE
60.8343,2011,1,CHE
40.1474,2011,2,CHE
56.5851,2011,3,CHE
32.0441,2011,4,CHE
119.168,2011,5,CHE
159.491,2011,6,CHE
212.741,2011,7,CHE
112.708,2011,8,CHE
116.461,2011,9,CHE
103.844,2011,10,CHE
38.8428,2011,11,CHE
234.353,2011,12,CHE
143.522,2012,1,CHE
22.3629,2012,2,CHE
40.8055,2012,3,CHE
163.999,2012,4,CHE
128.416,2012,5,CHE
189.29,2012,6,CHE
134.235,2012,7,CHE
167.9,2012,8,CHE
134.478,2012,9,CHE
128.381,2012,10,CHE
157.394,2012,11,CHE
190.762,2012,12,CHE
76.9968,2013,1,CHE
87.6385,2013,2,CHE
102.736,2013,3,CHE
170.104,2013,4,CHE
231.615,2013,5,CHE
115.135,2013,6,CHE
149.167,2013,7,CHE
100.52,2013,8,CHE
129.483,2013,9,CHE
167.78,2013,10,CHE
137.519,2013,11,CHE
177.17,2013,12,CHE
167.459,2014,1,CHE
203.66,2014,2,CHE
60.2312,2014,3,CHE
96.7846,2014,4,CHE
130.019,2014,5,CHE
131.261,2014,6,CHE
315.297,2014,7,CHE
178.945,2014,8,CHE
59.5439,2014,9,CHE
142.938,2014,10,CHE
112.386,2014,11,CHE
87.1342,2014,12,CHE
149.633,2015,1,CHE
90.151,2015,2,CHE
73.3533,2015,3,CHE
132.758,2015,4,CHE
169.176,2015,5,CHE
124.49,2015,6,CHE
59.8101,2015,7,CHE
114.902,2015,8,CHE
123.904,2015,9,CHE
90.8767,2015,10,CHE
58.918,2015,11,CHE
18.4072,2015,12,CHE
89.6532,1991,1,TJK
59.1683,1991,2,TJK
90.7058,1991,3,TJK
55.2389,1991,4,TJK
96.9748,1991,5,TJK
21.5279,1991,6,TJK
5.32355,1991,7,TJK
2.18001,1991,8,TJK
11.8535,1991,9,TJK
23.2543,1991,10,TJK
28.805,1991,11,TJK
111.785,1991,12,TJK
74.0922,1992,1,TJK
67.9958,1992,2,TJK
73.4776,1992,3,TJK
65.5137,1992,4,TJK
61.3971,1992,5,TJK
26.3898,1992,6,TJK
8.09899,1992,7,TJK
2.73786,1992,8,TJK
4.21638,1992,9,TJK
10.3742,1992,10,TJK
22.0537,1992,11,TJK
66.3322,1992,12,TJK
31.3071,1993,1,TJK
76.2168,1993,2,TJK
89.7543,1993,3,TJK
61.7047,1993,4,TJK
114.685,1993,5,TJK
31.1909,1993,6,TJK
5.99244,1993,7,TJK
1.91475,1993,8,TJK
0.84838,1993,9,TJK
32.43,1993,10,TJK
90.6573,1993,11,TJK
60.7178,1993,12,TJK
54.7885,1994,1,TJK
54.9645,1994,2,TJK
68.3965,1994,3,TJK
55.2082,1994,4,TJK
41.2267,1994,5,TJK
14.0028,1994,6,TJK
1.31815,1994,7,TJK
0.67792,1994,8,TJK
7.40972,1994,9,TJK
32.846,1994,10,TJK
61.8985,1994,11,TJK
74.3477,1994,12,TJK
33.815,1995,1,TJK
63.0265,1995,2,TJK
61.3494,1995,3,TJK
61.0828,1995,4,TJK
46.9922,1995,5,TJK
36.2365,1995,6,TJK
8.13952,1995,7,TJK
0.54798,1995,8,TJK
3.62899,1995,9,TJK
29.8066,1995,10,TJK
10.0977,1995,11,TJK
42.3581,1995,12,TJK
29.2726,1996,1,TJK
76.0301,1996,2,TJK
136.25,1996,3,TJK
114.324,1996,4,TJK
48.7991,1996,5,TJK
24.3784,1996,6,TJK
4.09254,1996,7,TJK
0.7029,1996,8,TJK
1.51624,1996,9,TJK
28.3653,1996,10,TJK
26.5997,1996,11,TJK
13.8924,1996,12,TJK
37.4847,1997,1,TJK
44.5396,1997,2,TJK
67.8002,1997,3,TJK
73.2902,1997,4,TJK
60.0252,1997,5,TJK
24.8287,1997,6,TJK
3.87222,1997,7,TJK
2.76368,1997,8,TJK
3.19708,1997,9,TJK
12.9851,1997,10,TJK
31.3337,1997,11,TJK
43.1825,1997,12,TJK
88.2353,1998,1,TJK
114.067,1998,2,TJK
82.9233,1998,3,TJK
141.267,1998,4,TJK
121.479,1998,5,TJK
37.2041,1998,6,TJK
3.43339,1998,7,TJK
3.41644,1998,8,TJK
2.26031,1998,9,TJK
13.0178,1998,10,TJK
21.9096,1998,11,TJK
37.5443,1998,12,TJK
39.3266,1999,1,TJK
54.3498,1999,2,TJK
125.066,1999,3,TJK
110.23,1999,4,TJK
45.352,1999,5,TJK
18.9375,1999,6,TJK
23.8029,1999,7,TJK
3.67805,1999,8,TJK
7.05514,1999,9,TJK
19.6877,1999,10,TJK
105.258,1999,11,TJK
16.7548,1999,12,TJK
66.3538,2000,1,TJK
31.0613,2000,2,TJK
37.9266,2000,3,TJK
51.5975,2000,4,TJK
20.4443,2000,5,TJK
23.2102,2000,6,TJK
7.86313,2000,7,TJK
4.43022,2000,8,TJK
13.615,2000,9,TJK
70.7143,2000,10,TJK
45.0006,2000,11,TJK
57.8994,2000,12,TJK
38.826,2001,1,TJK
30.2043,2001,2,TJK
43.9774,2001,3,TJK
28.76,2001,4,TJK
7.25289,2001,5,TJK
26.9306,2001,6,TJK
8.20527,2001,7,TJK
9.91516,2001,8,TJK
1.18351,2001,9,TJK
32.0865,2001,10,TJK
85.9526,2001,11,TJK
104.78,2001,12,TJK
60.2612,2002,1,TJK
63.9607,2002,2,TJK
48.6921,2002,3,TJK
84.8714,2002,4,TJK
81.4553,2002,5,TJK
40.8024,2002,6,TJK
5.29708,2002,7,TJK
2.04525,2002,8,TJK
7.34815,2002,9,TJK
10.4644,2002,10,TJK
23.5564,2002,11,TJK
132.661,2002,12,TJK
15.6569,2003,1,TJK
101.27,2003,2,TJK
107.628,2003,3,TJK
144.898,2003,4,TJK
79.9732,2003,5,TJK
42.3676,2003,6,TJK
4.09064,2003,7,TJK
7.69675,2003,8,TJK
4.40654,2003,9,TJK
30.2727,2003,10,TJK
78.5002,2003,11,TJK
74.4821,2003,12,TJK
87.2929,2004,1,TJK
30.1882,2004,2,TJK
95.9514,2004,3,TJK
65.4464,2004,4,TJK
34.2132,2004,5,TJK
23.5984,2004,6,TJK
7.66237,2004,7,TJK
2.08539,2004,8,TJK
1.91406,2004,9,TJK
31.8539,2004,10,TJK
54.8342,2004,11,TJK
130.409,2004,12,TJK
58.2905,2005,1,TJK
78.2023,2005,2,TJK
73.3821,2005,3,TJK
66.6312,2005,4,TJK
101.404,2005,5,TJK
41.8658,2005,6,TJK
1.51884,2005,7,TJK
1.49984,2005,8,TJK
0.48845,2005,9,TJK
20.3865,2005,10,TJK
29.5186,2005,11,TJK
36.4169,2005,12,TJK
135.067,2006,1,TJK
70.0899,2006,2,TJK
44.8115,2006,3,TJK
36.943,2006,4,TJK
50.6958,2006,5,TJK
11.3139,2006,6,TJK
7.05428,2006,7,TJK
3.26429,2006,8,TJK
2.59625,2006,9,TJK
33.5936,2006,10,TJK
63.1002,2006,11,TJK
73.2332,2006,12,TJK
16.8939,2007,1,TJK
41.3138,2007,2,TJK
123.99,2007,3,TJK
68.6785,2007,4,TJK
49.3352,2007,5,TJK
21.7913,2007,6,TJK
16.9543,2007,7,TJK
5.49619,2007,8,TJK
0.63934,2007,9,TJK
6.45443,2007,10,TJK
13.9889,2007,11,TJK
83.147,2007,12,TJK
56.8466,2008,1,TJK
61.996,2008,2,TJK
14.2529,2008,3,TJK
58.4843,2008,4,TJK
43.3168,2008,5,TJK
8.83253,2008,6,TJK
7.87097,2008,7,TJK
2.57017,2008,8,TJK
3.7627,2008,9,TJK
40.9513,2008,10,TJK
39.9054,2008,11,TJK
110.163,2008,12,TJK
54.7014,2009,1,TJK
85.8487,2009,2,TJK
61.0914,2009,3,TJK
101.394,2009,4,TJK
98.2921,2009,5,TJK
33.1025,2009,6,TJK
3.24157,2009,7,TJK
1.20037,2009,8,TJK
2.77576,2009,9,TJK
3.20423,2009,10,TJK
50.188,2009,11,TJK
111.449,2009,12,TJK
41.8434,2010,1,TJK
120.596,2010,2,TJK
80.9587,2010,3,TJK
52.6433,2010,4,TJK
109.368,2010,5,TJK
55.6221,2010,6,TJK
13.9803,2010,7,TJK
7.78549,2010,8,TJK
5.9338,2010,9,TJK
26.2972,2010,10,TJK
17.4798,2010,11,TJK
3.50393,2010,12,TJK
22.2759,2011,1,TJK
122.61,2011,2,TJK
68.7594,2011,3,TJK
20.6865,2011,4,TJK
38.3486,2011,5,TJK
20.4799,2011,6,TJK
3.77127,2011,7,TJK
6.80484,2011,8,TJK
1.70448,2011,9,TJK
56.0226,2011,10,TJK
125.521,2011,11,TJK
44.0361,2011,12,TJK
38.551,2012,1,TJK
63.8451,2012,2,TJK
106.441,2012,3,TJK
59.1318,2012,4,TJK
71.9937,2012,5,TJK
20.0763,2012,6,TJK
2.63673,2012,7,TJK
1.51651,2012,8,TJK
3.08693,2012,9,TJK
7.70865,2012,10,TJK
54.304,2012,11,TJK
75.1688,2012,12,TJK
33.9499,2013,1,TJK
91.3967,2013,2,TJK
71.1118,2013,3,TJK
72.6142,2013,4,TJK
35.8923,2013,5,TJK
21.0563,2013,6,TJK
5.2927,2013,7,TJK
3.08947,2013,8,TJK
1.78575,2013,9,TJK
29.2121,2013,10,TJK
46.167,2013,11,TJK
49.1546,2013,12,TJK
43.7514,2014,1,TJK
78.5399,2014,2,TJK
71.4527,2014,3,TJK
77.0421,2014,4,TJK
73.5702,2014,5,TJK
9.66448,2014,6,TJK
3.50801,2014,7,TJK
2.46807,2014,8,TJK
1.49307,2014,9,TJK
47.8704,2014,10,TJK
77.8925,2014,11,TJK
29.4193,2014,12,TJK
60.1756,2015,1,TJK
122.293,2015,2,TJK
67.0519,2015,3,TJK
58.2813,2015,4,TJK
58.9943,2015,5,TJK
24.2908,2015,6,TJK
5.88135,2015,7,TJK
9.086,2015,8,TJK
2.16502,2015,9,TJK
36.1963,2015,10,TJK
66.6376,2015,11,TJK
26.1808,2015,12,TJK
188.792,1991,1,TZA
112.361,1991,2,TZA
200.651,1991,3,TZA
155.595,1991,4,TZA
83.8806,1991,5,TZA
9.45048,1991,6,TZA
9.45816,1991,7,TZA
8.53844,1991,8,TZA
16.3707,1991,9,TZA
42.1676,1991,10,TZA
76.7376,1991,11,TZA
165.848,1991,12,TZA
89.24,1992,1,TZA
133.868,1992,2,TZA
129.388,1992,3,TZA
181.469,1992,4,TZA
72.3555,1992,5,TZA
13.4167,1992,6,TZA
8.97707,1992,7,TZA
4.39568,1992,8,TZA
11.87,1992,9,TZA
30.5297,1992,10,TZA
130.756,1992,11,TZA
157.013,1992,12,TZA
177.174,1993,1,TZA
129.147,1993,2,TZA
176.815,1993,3,TZA
157.079,1993,4,TZA
65.7179,1993,5,TZA
12.995,1993,6,TZA
6.2783,1993,7,TZA
10.9471,1993,8,TZA
7.32022,1993,9,TZA
17.7505,1993,10,TZA
63.9944,1993,11,TZA
49.6138,1993,12,TZA
165.568,1994,1,TZA
157.601,1994,2,TZA
195.057,1994,3,TZA
121.577,1994,4,TZA
54.1063,1994,5,TZA
6.41992,1994,6,TZA
10.0448,1994,7,TZA
11.1126,1994,8,TZA
7.86629,1994,9,TZA
31.5346,1994,10,TZA
88.7398,1994,11,TZA
153.581,1994,12,TZA
152.755,1995,1,TZA
155.87,1995,2,TZA
195.642,1995,3,TZA
126.411,1995,4,TZA
77.1111,1995,5,TZA
6.70501,1995,6,TZA
3.52707,1995,7,TZA
12.7265,1995,8,TZA
16.5608,1995,9,TZA
38.2338,1995,10,TZA
29.3383,1995,11,TZA
112.858,1995,12,TZA
132.12,1996,1,TZA
219.342,1996,2,TZA
184.984,1996,3,TZA
130.569,1996,4,TZA
68.6457,1996,5,TZA
5.8411,1996,6,TZA
8.0718,1996,7,TZA
5.36803,1996,8,TZA
14.2303,1996,9,TZA
22.1425,1996,10,TZA
56.209,1996,11,TZA
98.2604,1996,12,TZA
115.534,1997,1,TZA
112.818,1997,2,TZA
146.057,1997,3,TZA
183.826,1997,4,TZA
60.3538,1997,5,TZA
26.3259,1997,6,TZA
6.45169,1997,7,TZA
4.12718,1997,8,TZA
3.46899,1997,9,TZA
58.0524,1997,10,TZA
152.68,1997,11,TZA
261.315,1997,12,TZA
262.579,1998,1,TZA
172.492,1998,2,TZA
155.53,1998,3,TZA
195.861,1998,4,TZA
60.4913,1998,5,TZA
9.58007,1998,6,TZA
3.30795,1998,7,TZA
3.04903,1998,8,TZA
13.0304,1998,9,TZA
21.9209,1998,10,TZA
45.2201,1998,11,TZA
55.8151,1998,12,TZA
162.988,1999,1,TZA
75.9737,1999,2,TZA
260.692,1999,3,TZA
166.202,1999,4,TZA
38.8834,1999,5,TZA
18.038,1999,6,TZA
9.49986,1999,7,TZA
13.9876,1999,8,TZA
14.1405,1999,9,TZA
17.2291,1999,10,TZA
104.375,1999,11,TZA
100.422,1999,12,TZA
90.4451,2000,1,TZA
83.1189,2000,2,TZA
191.259,2000,3,TZA
105.364,2000,4,TZA
32.4303,2000,5,TZA
17.3205,2000,6,TZA
4.34623,2000,7,TZA
13.0469,2000,8,TZA
7.26146,2000,9,TZA
20.8153,2000,10,TZA
142.424,2000,11,TZA
193.694,2000,12,TZA
217.456,2001,1,TZA
111.475,2001,2,TZA
161.076,2001,3,TZA
132.252,2001,4,TZA
44.0381,2001,5,TZA
16.5639,2001,6,TZA
7.49584,2001,7,TZA
7.47212,2001,8,TZA
15.788,2001,9,TZA
34.4959,2001,10,TZA
56.1,2001,11,TZA
139.073,2001,12,TZA
213.858,2002,1,TZA
121.058,2002,2,TZA
240.446,2002,3,TZA
173.303,2002,4,TZA
46.9686,2002,5,TZA
8.72026,2002,6,TZA
3.39275,2002,7,TZA
12.9713,2002,8,TZA
17.0899,2002,9,TZA
35.2564,2002,10,TZA
97.0256,2002,11,TZA
170.597,2002,12,TZA
143.046,2003,1,TZA
99.2486,2003,2,TZA
132.665,2003,3,TZA
120.275,2003,4,TZA
74.7877,2003,5,TZA
10.5533,2003,6,TZA
4.085,2003,7,TZA
5.74218,2003,8,TZA
15.4516,2003,9,TZA
28.0767,2003,10,TZA
39.0972,2003,11,TZA
122.6,2003,12,TZA
140.265,2004,1,TZA
172.078,2004,2,TZA
144.024,2004,3,TZA
173.676,2004,4,TZA
12.125,2004,5,TZA
12.2289,2004,6,TZA
1.6048,2004,7,TZA
6.36311,2004,8,TZA
31.5519,2004,9,TZA
42.3408,2004,10,TZA
107.505,2004,11,TZA
180.849,2004,12,TZA
166.362,2005,1,TZA
103.034,2005,2,TZA
160.218,2005,3,TZA
103.455,2005,4,TZA
74.0564,2005,5,TZA
6.10383,2005,6,TZA
3.69751,2005,7,TZA
7.80032,2005,8,TZA
14.4499,2005,9,TZA
25.0378,2005,10,TZA
41.5148,2005,11,TZA
82.9274,2005,12,TZA
91.5503,2006,1,TZA
121.694,2006,2,TZA
176.452,2006,3,TZA
195.379,2006,4,TZA
81.167,2006,5,TZA
16.5264,2006,6,TZA
8.35129,2006,7,TZA
8.72146,2006,8,TZA
21.2521,2006,9,TZA
36.2856,2006,10,TZA
157.66,2006,11,TZA
258.908,2006,12,TZA
171.268,2007,1,TZA
129.647,2007,2,TZA
153.234,2007,3,TZA
116.493,2007,4,TZA
51.2084,2007,5,TZA
12.5941,2007,6,TZA
10.7448,2007,7,TZA
14.0249,2007,8,TZA
31.4305,2007,9,TZA
32.0905,2007,10,TZA
56.7027,2007,11,TZA
157.266,2007,12,TZA
144.184,2008,1,TZA
174.412,2008,2,TZA
195.028,2008,3,TZA
120.399,2008,4,TZA
35.4807,2008,5,TZA
8.00657,2008,6,TZA
3.26479,2008,7,TZA
3.00821,2008,8,TZA
20.0771,2008,9,TZA
48.1114,2008,10,TZA
93.4065,2008,11,TZA
102.313,2008,12,TZA
131.107,2009,1,TZA
163.383,2009,2,TZA
185.467,2009,3,TZA
110.112,2009,4,TZA
40.473,2009,5,TZA
7.73381,2009,6,TZA
2.85761,2009,7,TZA
2.51983,2009,8,TZA
14.5495,2009,9,TZA
38.1443,2009,10,TZA
110.853,2009,11,TZA
164.005,2009,12,TZA
140.923,2010,1,TZA
161.916,2010,2,TZA
185.51,2010,3,TZA
137.086,2010,4,TZA
65.2839,2010,5,TZA
22.7831,2010,6,TZA
2.27363,2010,7,TZA
3.4681,2010,8,TZA
10.6787,2010,9,TZA
18.5301,2010,10,TZA
49.3023,2010,11,TZA
114.214,2010,12,TZA
100.775,2011,1,TZA
147.378,2011,2,TZA
178.383,2011,3,TZA
141.661,2011,4,TZA
57.842,2011,5,TZA
21.4181,2011,6,TZA
4.23732,2011,7,TZA
7.95132,2011,8,TZA
44.9661,2011,9,TZA
42.0357,2011,10,TZA
117.182,2011,11,TZA
206.068,2011,12,TZA
104.746,2012,1,TZA
90.8428,2012,2,TZA
107.037,2012,3,TZA
140.61,2012,4,TZA
44.3088,2012,5,TZA
21.1334,2012,6,TZA
2.37388,2012,7,TZA
9.80281,2012,8,TZA
12.5129,2012,9,TZA
32.8713,2012,10,TZA
82.7447,2012,11,TZA
153.443,2012,12,TZA
156.432,2013,1,TZA
77.4783,2013,2,TZA
228.2,2013,3,TZA
173.325,2013,4,TZA
41.1595,2013,5,TZA
2.66061,2013,6,TZA
2.57244,2013,7,TZA
8.03648,2013,8,TZA
33.4943,2013,9,TZA
26.3264,2013,10,TZA
97.1245,2013,11,TZA
163.332,2013,12,TZA
148.696,2014,1,TZA
136.819,2014,2,TZA
156.818,2014,3,TZA
142.812,2014,4,TZA
63.196,2014,5,TZA
7.88314,2014,6,TZA
3.50676,2014,7,TZA
9.17707,2014,8,TZA
35.362,2014,9,TZA
46.261,2014,10,TZA
115.558,2014,11,TZA
159.751,2014,12,TZA
149.438,2015,1,TZA
84.0929,2015,2,TZA
121.932,2015,3,TZA
191.036,2015,4,TZA
74.4415,2015,5,TZA
15.6388,2015,6,TZA
2.54895,2015,7,TZA
3.4409,2015,8,TZA
15.278,2015,9,TZA
40.0304,2015,10,TZA
123.606,2015,11,TZA
191.455,2015,12,TZA
51.6627,1991,1,BHS
25.3619,1991,2,BHS
65.1847,1991,3,BHS
131.841,1991,4,BHS
91.6823,1991,5,BHS
206.232,1991,6,BHS
131.717,1991,7,BHS
169.467,1991,8,BHS
212.613,1991,9,BHS
128.041,1991,10,BHS
104.7,1991,11,BHS
45.5116,1991,12,BHS
15.5531,1992,1,BHS
71.6457,1992,2,BHS
56.096,1992,3,BHS
123.42,1992,4,BHS
93.2708,1992,5,BHS
209.061,1992,6,BHS
58.2599,1992,7,BHS
137.46,1992,8,BHS
152.795,1992,9,BHS
66.5725,1992,10,BHS
83.5698,1992,11,BHS
19.3789,1992,12,BHS
106.857,1993,1,BHS
62.8589,1993,2,BHS
132.726,1993,3,BHS
160.835,1993,4,BHS
175.494,1993,5,BHS
130.007,1993,6,BHS
94.327,1993,7,BHS
112.56,1993,8,BHS
145.807,1993,9,BHS
96.8773,1993,10,BHS
85.7258,1993,11,BHS
27.3143,1993,12,BHS
66.6902,1994,1,BHS
60.0598,1994,2,BHS
57.7463,1994,3,BHS
137.134,1994,4,BHS
134.525,1994,5,BHS
111.11,1994,6,BHS
100.619,1994,7,BHS
124.799,1994,8,BHS
163.964,1994,9,BHS
60.1369,1994,10,BHS
133.842,1994,11,BHS
62.4326,1994,12,BHS
42.3412,1995,1,BHS
38.4441,1995,2,BHS
80.9722,1995,3,BHS
144.694,1995,4,BHS
171.281,1995,5,BHS
297.436,1995,6,BHS
204.549,1995,7,BHS
221.409,1995,8,BHS
192.184,1995,9,BHS
141.799,1995,10,BHS
123.951,1995,11,BHS
38.1164,1995,12,BHS
51.8806,1996,1,BHS
27.808,1996,2,BHS
139.245,1996,3,BHS
83.3191,1996,4,BHS
228.836,1996,5,BHS
248.642,1996,6,BHS
76.7648,1996,7,BHS
174.772,1996,8,BHS
132.377,1996,9,BHS
183.69,1996,10,BHS
71.9524,1996,11,BHS
39.0493,1996,12,BHS
61.7595,1997,1,BHS
36.822,1997,2,BHS
46.3157,1997,3,BHS
75.6451,1997,4,BHS
100.732,1997,5,BHS
352.288,1997,6,BHS
132.909,1997,7,BHS
194.797,1997,8,BHS
199.167,1997,9,BHS
72.7498,1997,10,BHS
98.2757,1997,11,BHS
62.2788,1997,12,BHS
43.3028,1998,1,BHS
102.373,1998,2,BHS
197.747,1998,3,BHS
17.7638,1998,4,BHS
59.6098,1998,5,BHS
61.21,1998,6,BHS
130.608,1998,7,BHS
186.171,1998,8,BHS
165.387,1998,9,BHS
104.699,1998,10,BHS
46.2011,1998,11,BHS
29.7255,1998,12,BHS
44.9487,1999,1,BHS
25.0643,1999,2,BHS
27.9471,1999,3,BHS
64.7743,1999,4,BHS
122.529,1999,5,BHS
175.194,1999,6,BHS
105.774,1999,7,BHS
114.047,1999,8,BHS
156.058,1999,9,BHS
144.718,1999,10,BHS
54.6726,1999,11,BHS
20.1848,1999,12,BHS
61.0003,2000,1,BHS
76.4698,2000,2,BHS
43.1441,2000,3,BHS
93.2048,2000,4,BHS
56.7827,2000,5,BHS
145.787,2000,6,BHS
131.947,2000,7,BHS
224.293,2000,8,BHS
191.483,2000,9,BHS
121.444,2000,10,BHS
29.8733,2000,11,BHS
70.1089,2000,12,BHS
60.15,2001,1,BHS
21.0555,2001,2,BHS
141.851,2001,3,BHS
73.3968,2001,4,BHS
242.012,2001,5,BHS
157.82,2001,6,BHS
176.484,2001,7,BHS
116.817,2001,8,BHS
201.271,2001,9,BHS
166.398,2001,10,BHS
87.6117,2001,11,BHS
69.6467,2001,12,BHS
62.7342,2002,1,BHS
57.2158,2002,2,BHS
64.2136,2002,3,BHS
33.2648,2002,4,BHS
242.307,2002,5,BHS
197.823,2002,6,BHS
115.812,2002,7,BHS
149.146,2002,8,BHS
279.486,2002,9,BHS
87.7375,2002,10,BHS
60.5545,2002,11,BHS
18.9819,2002,12,BHS
53.3706,2003,1,BHS
40.291,2003,2,BHS
130.784,2003,3,BHS
147.154,2003,4,BHS
117.544,2003,5,BHS
125.135,2003,6,BHS
74.4564,2003,7,BHS
116.278,2003,8,BHS
150.765,2003,9,BHS
108.796,2003,10,BHS
106.389,2003,11,BHS
61.1057,2003,12,BHS
34.2578,2004,1,BHS
46.6069,2004,2,BHS
21.0654,2004,3,BHS
63.8796,2004,4,BHS
136.758,2004,5,BHS
101.507,2004,6,BHS
203.894,2004,7,BHS
150.658,2004,8,BHS
156.368,2004,9,BHS
51.8994,2004,10,BHS
21.4763,2004,11,BHS
24.0475,2004,12,BHS
30.8947,2005,1,BHS
17.1638,2005,2,BHS
55.2252,2005,3,BHS
109.104,2005,4,BHS
109.564,2005,5,BHS
274.411,2005,6,BHS
85.1341,2005,7,BHS
191.397,2005,8,BHS
186.049,2005,9,BHS
162.44,2005,10,BHS
55.8509,2005,11,BHS
30.5845,2005,12,BHS
28.1846,2006,1,BHS
69.0316,2006,2,BHS
23.9227,2006,3,BHS
68.4583,2006,4,BHS
163.598,2006,5,BHS
160.893,2006,6,BHS
139.157,2006,7,BHS
159.02,2006,8,BHS
162.184,2006,9,BHS
75.2514,2006,10,BHS
85.1938,2006,11,BHS
55.3614,2006,12,BHS
50.6959,2007,1,BHS
88.8063,2007,2,BHS
73.2156,2007,3,BHS
155.007,2007,4,BHS
222.579,2007,5,BHS
246.451,2007,6,BHS
135.588,2007,7,BHS
108.123,2007,8,BHS
210.054,2007,9,BHS
211.087,2007,10,BHS
57.3349,2007,11,BHS
47.4814,2007,12,BHS
56.6443,2008,1,BHS
45.7164,2008,2,BHS
58.3086,2008,3,BHS
55.0569,2008,4,BHS
105.639,2008,5,BHS
120.978,2008,6,BHS
151.107,2008,7,BHS
170.254,2008,8,BHS
245.282,2008,9,BHS
82.4403,2008,10,BHS
64.2243,2008,11,BHS
64.8917,2008,12,BHS
39.963,2009,1,BHS
24.6856,2009,2,BHS
54.5695,2009,3,BHS
48.1426,2009,4,BHS
319.349,2009,5,BHS
185.455,2009,6,BHS
87.4273,2009,7,BHS
100.987,2009,8,BHS
181.254,2009,9,BHS
49.286,2009,10,BHS
56.3357,2009,11,BHS
74.5395,2009,12,BHS
30.7625,2010,1,BHS
108.497,2010,2,BHS
57.8137,2010,3,BHS
135.281,2010,4,BHS
89.2621,2010,5,BHS
85.933,2010,6,BHS
179.666,2010,7,BHS
167.664,2010,8,BHS
224.064,2010,9,BHS
159.902,2010,10,BHS
60.3353,2010,11,BHS
43.9935,2010,12,BHS
54.9241,2011,1,BHS
29.226,2011,2,BHS
26.6048,2011,3,BHS
71.4488,2011,4,BHS
69.3527,2011,5,BHS
142.408,2011,6,BHS
140.686,2011,7,BHS
183.598,2011,8,BHS
242.409,2011,9,BHS
174.872,2011,10,BHS
33.5469,2011,11,BHS
37.2058,2011,12,BHS
14.1278,2012,1,BHS
47.1587,2012,2,BHS
63.771,2012,3,BHS
147.37,2012,4,BHS
219.675,2012,5,BHS
154.537,2012,6,BHS
148.042,2012,7,BHS
251.023,2012,8,BHS
213.796,2012,9,BHS
121.474,2012,10,BHS
28.6783,2012,11,BHS
51.6856,2012,12,BHS
14.5028,2013,1,BHS
58.2512,2013,2,BHS
36.5312,2013,3,BHS
100.187,2013,4,BHS
217.009,2013,5,BHS
109.91,2013,6,BHS
198.414,2013,7,BHS
136.978,2013,8,BHS
176.639,2013,9,BHS
71.1775,2013,10,BHS
93.1908,2013,11,BHS
27.9338,2013,12,BHS
58.6744,2014,1,BHS
36.1618,2014,2,BHS
43.1988,2014,3,BHS
152.879,2014,4,BHS
142.649,2014,5,BHS
288.368,2014,6,BHS
129.909,2014,7,BHS
214.648,2014,8,BHS
147.504,2014,9,BHS
85.5069,2014,10,BHS
81.4892,2014,11,BHS
33.1717,2014,12,BHS
15.6918,2015,1,BHS
56.9675,2015,2,BHS
111.912,2015,3,BHS
97.6478,2015,4,BHS
118.371,2015,5,BHS
142.496,2015,6,BHS
88.6,2015,7,BHS
189.255,2015,8,BHS
141.371,2015,9,BHS
124.75,2015,10,BHS
80.6476,2015,11,BHS
66.5488,2015,12,BHS
0.0393,1991,1,GMB
0,1991,2,GMB
0.01359,1991,3,GMB
0.00603,1991,4,GMB
0.25626,1991,5,GMB
29.4842,1991,6,GMB
224.361,1991,7,GMB
217.596,1991,8,GMB
201.081,1991,9,GMB
102.778,1991,10,GMB
0.21617,1991,11,GMB
0.12264,1991,12,GMB
0.11018,1992,1,GMB
1.18676,1992,2,GMB
0.01459,1992,3,GMB
1.28361,1992,4,GMB
22.5351,1992,5,GMB
83.1144,1992,6,GMB
192.102,1992,7,GMB
333.993,1992,8,GMB
220.615,1992,9,GMB
58.9822,1992,10,GMB
1.622,1992,11,GMB
0.01835,1992,12,GMB
0.30784,1993,1,GMB
0.05348,1993,2,GMB
0.01409,1993,3,GMB
4.6843,1993,4,GMB
2.44213,1993,5,GMB
67.4377,1993,6,GMB
262.897,1993,7,GMB
282.063,1993,8,GMB
193.927,1993,9,GMB
69.3157,1993,10,GMB
8.05784,1993,11,GMB
0.17268,1993,12,GMB
0.00264,1994,1,GMB
0.00449,1994,2,GMB
0.01359,1994,3,GMB
0.07577,1994,4,GMB
5.47558,1994,5,GMB
71.3996,1994,6,GMB
249.028,1994,7,GMB
355.678,1994,8,GMB
265.832,1994,9,GMB
80.3345,1994,10,GMB
19.9075,1994,11,GMB
0.00812,1994,12,GMB
0.00264,1995,1,GMB
0.07433,1995,2,GMB
0.01359,1995,3,GMB
0.0389,1995,4,GMB
8.37702,1995,5,GMB
83.0434,1995,6,GMB
196.49,1995,7,GMB
316.768,1995,8,GMB
211.388,1995,9,GMB
88.9377,1995,10,GMB
0.38308,1995,11,GMB
2.1815,1995,12,GMB
0.00264,1996,1,GMB
0.00538,1996,2,GMB
0.01024,1996,3,GMB
0.0389,1996,4,GMB
6.75094,1996,5,GMB
55.3476,1996,6,GMB
240.524,1996,7,GMB
311.078,1996,8,GMB
186.552,1996,9,GMB
70.9979,1996,10,GMB
10.9793,1996,11,GMB
0.34316,1996,12,GMB
0.00264,1997,1,GMB
0,1997,2,GMB
0,1997,3,GMB
0.0731,1997,4,GMB
43.4776,1997,5,GMB
161.822,1997,6,GMB
134.36,1997,7,GMB
342.348,1997,8,GMB
211.271,1997,9,GMB
52.0328,1997,10,GMB
0.35725,1997,11,GMB
0.00762,1997,12,GMB
0.00264,1998,1,GMB
0,1998,2,GMB
0.00919,1998,3,GMB
0.02842,1998,4,GMB
1.15931,1998,5,GMB
63.8503,1998,6,GMB
217.553,1998,7,GMB
309.994,1998,8,GMB
284.677,1998,9,GMB
50.7125,1998,10,GMB
0.11327,1998,11,GMB
0.00762,1998,12,GMB
0.01085,1999,1,GMB
0.06541,1999,2,GMB
0,1999,3,GMB
0.51173,1999,4,GMB
16.5481,1999,5,GMB
76.7348,1999,6,GMB
241.006,1999,7,GMB
497.752,1999,8,GMB
234.074,1999,9,GMB
199.821,1999,10,GMB
3.77601,1999,11,GMB
0.01643,1999,12,GMB
0.02687,2000,1,GMB
0.00144,2000,2,GMB
0,2000,3,GMB
0.0616,2000,4,GMB
0.971,2000,5,GMB
77.225,2000,6,GMB
241.341,2000,7,GMB
265.905,2000,8,GMB
239.691,2000,9,GMB
149.377,2000,10,GMB
4.56585,2000,11,GMB
0.00762,2000,12,GMB
0.00264,2001,1,GMB
0.00074,2001,2,GMB
0.02803,2001,3,GMB
0.10047,2001,4,GMB
2.03992,2001,5,GMB
145.145,2001,6,GMB
229.959,2001,7,GMB
226.647,2001,8,GMB
223.115,2001,9,GMB
46.2555,2001,10,GMB
24.4307,2001,11,GMB
0.03408,2001,12,GMB
0.10799,2002,1,GMB
0.01001,2002,2,GMB
0.02719,2002,3,GMB
0.11715,2002,4,GMB
6.07713,2002,5,GMB
76.9822,2002,6,GMB
100.175,2002,7,GMB
229.759,2002,8,GMB
218.786,2002,9,GMB
92.6987,2002,10,GMB
0.3639,2002,11,GMB
0.10475,2002,12,GMB
0.00264,2003,1,GMB
0.45717,2003,2,GMB
0.02803,2003,3,GMB
0.37794,2003,4,GMB
1.53563,2003,5,GMB
118.094,2003,6,GMB
220.333,2003,7,GMB
394.96,2003,8,GMB
277.312,2003,9,GMB
73.5722,2003,10,GMB
2.67449,2003,11,GMB
0.03408,2003,12,GMB
0.03164,2004,1,GMB
0.17855,2004,2,GMB
0.01624,2004,3,GMB
0.10162,2004,4,GMB
17.2811,2004,5,GMB
121.812,2004,6,GMB
264.156,2004,7,GMB
284.905,2004,8,GMB
189.38,2004,9,GMB
19.6108,2004,10,GMB
2.8437,2004,11,GMB
0.02663,2004,12,GMB
0.00265,2005,1,GMB
0.24336,2005,2,GMB
0.01675,2005,3,GMB
0.09967,2005,4,GMB
45.0539,2005,5,GMB
103.502,2005,6,GMB
312.555,2005,7,GMB
319.902,2005,8,GMB
296.871,2005,9,GMB
105.634,2005,10,GMB
0.56316,2005,11,GMB
0.01484,2005,12,GMB
0.01424,2006,1,GMB
0.02877,2006,2,GMB
0.01675,2006,3,GMB
0.08198,2006,4,GMB
6.73668,2006,5,GMB
118.594,2006,6,GMB
140.696,2006,7,GMB
388.575,2006,8,GMB
281.52,2006,9,GMB
107.808,2006,10,GMB
0.11169,2006,11,GMB
0.01265,2006,12,GMB
0.00264,2007,1,GMB
0.0031,2007,2,GMB
0.03218,2007,3,GMB
0.08198,2007,4,GMB
12.1532,2007,5,GMB
47.694,2007,6,GMB
182.114,2007,7,GMB
292.158,2007,8,GMB
290.729,2007,9,GMB
62.1081,2007,10,GMB
12.4616,2007,11,GMB
0.01265,2007,12,GMB
0.00264,2008,1,GMB
0.4766,2008,2,GMB
0.01675,2008,3,GMB
0.08198,2008,4,GMB
5.76333,2008,5,GMB
147.413,2008,6,GMB
281.713,2008,7,GMB
354.005,2008,8,GMB
253.958,2008,9,GMB
86.5723,2008,10,GMB
0.11169,2008,11,GMB
0.01265,2008,12,GMB
0.00264,2009,1,GMB
0.0031,2009,2,GMB
0.01675,2009,3,GMB
0.08198,2009,4,GMB
7.82725,2009,5,GMB
67.1623,2009,6,GMB
305.651,2009,7,GMB
383.889,2009,8,GMB
264.242,2009,9,GMB
43.8632,2009,10,GMB
0.08404,2009,11,GMB
0.00762,2009,12,GMB
0.00264,2010,1,GMB
0.00074,2010,2,GMB
0.01058,2010,3,GMB
0.49149,2010,4,GMB
6.89265,2010,5,GMB
105.798,2010,6,GMB
286.595,2010,7,GMB
363.071,2010,8,GMB
369.837,2010,9,GMB
60.7605,2010,10,GMB
4.67595,2010,11,GMB
0.01168,2010,12,GMB
0.00264,2011,1,GMB
0,2011,2,GMB
0.01058,2011,3,GMB
0.08198,2011,4,GMB
10.8825,2011,5,GMB
75.2127,2011,6,GMB
164.678,2011,7,GMB
366.742,2011,8,GMB
217.148,2011,9,GMB
70.9983,2011,10,GMB
0.11169,2011,11,GMB
0.01653,2011,12,GMB
0.00264,2012,1,GMB
0.0031,2012,2,GMB
0.02669,2012,3,GMB
0.12614,2012,4,GMB
25.7532,2012,5,GMB
121.689,2012,6,GMB
201.677,2012,7,GMB
319.678,2012,8,GMB
345.601,2012,9,GMB
92.3269,2012,10,GMB
0.57934,2012,11,GMB
0.01265,2012,12,GMB
0.01715,2013,1,GMB
0.02814,2013,2,GMB
0.01675,2013,3,GMB
0.19054,2013,4,GMB
14.3826,2013,5,GMB
86.1694,2013,6,GMB
199.347,2013,7,GMB
394.298,2013,8,GMB
283.437,2013,9,GMB
96.8009,2013,10,GMB
5.10945,2013,11,GMB
0.01451,2013,12,GMB
0.00403,2014,1,GMB
0.19071,2014,2,GMB
0.01675,2014,3,GMB
0.20855,2014,4,GMB
44.4023,2014,5,GMB
43.7884,2014,6,GMB
196.709,2014,7,GMB
335.662,2014,8,GMB
235.937,2014,9,GMB
131.113,2014,10,GMB
0.30983,2014,11,GMB
0.00762,2014,12,GMB
0.00264,2015,1,GMB
0.03328,2015,2,GMB
0.02072,2015,3,GMB
0.16139,2015,4,GMB
2.12143,2015,5,GMB
53.0328,2015,6,GMB
173.739,2015,7,GMB
418.473,2015,8,GMB
210.413,2015,9,GMB
166.92,2015,10,GMB
2.28315,2015,11,GMB
0.02805,2015,12,GMB
3.02756,1991,1,TGO
50.8886,1991,2,TGO
59.3516,1991,3,TGO
125.591,1991,4,TGO
228.111,1991,5,TGO
123.516,1991,6,TGO
230.936,1991,7,TGO
246.735,1991,8,TGO
138.751,1991,9,TGO
137.725,1991,10,TGO
5.64688,1991,11,TGO
2.69833,1991,12,TGO
0.13526,1992,1,TGO
0.78389,1992,2,TGO
14.9002,1992,3,TGO
88.9172,1992,4,TGO
139.128,1992,5,TGO
156.117,1992,6,TGO
163.443,1992,7,TGO
105.52,1992,8,TGO
211.617,1992,9,TGO
73.1801,1992,10,TGO
29.0564,1992,11,TGO
2.98374,1992,12,TGO
0.34998,1993,1,TGO
17.38,1993,2,TGO
51.582,1993,3,TGO
95.0857,1993,4,TGO
112.964,1993,5,TGO
133.21,1993,6,TGO
165.484,1993,7,TGO
203.599,1993,8,TGO
176.877,1993,9,TGO
83.221,1993,10,TGO
27.4346,1993,11,TGO
13.9054,1993,12,TGO
2.12017,1994,1,TGO
6.34528,1994,2,TGO
34.6232,1994,3,TGO
86.8597,1994,4,TGO
148.897,1994,5,TGO
144.08,1994,6,TGO
152.732,1994,7,TGO
205.316,1994,8,TGO
204.123,1994,9,TGO
174.376,1994,10,TGO
11.7164,1994,11,TGO
0.20686,1994,12,TGO
0.16136,1995,1,TGO
7.47907,1995,2,TGO
60.391,1995,3,TGO
120.901,1995,4,TGO
138.267,1995,5,TGO
149.489,1995,6,TGO
170.851,1995,7,TGO
281.821,1995,8,TGO
187.614,1995,9,TGO
107.761,1995,10,TGO
17.6159,1995,11,TGO
13.0723,1995,12,TGO
6.70327,1996,1,TGO
34.1301,1996,2,TGO
34.4716,1996,3,TGO
112.77,1996,4,TGO
118.252,1996,5,TGO
187.696,1996,6,TGO
134.654,1996,7,TGO
225.832,1996,8,TGO
171.123,1996,9,TGO
91.9811,1996,10,TGO
2.96956,1996,11,TGO
3.11438,1996,12,TGO
6.12832,1997,1,TGO
1.22337,1997,2,TGO
73.8567,1997,3,TGO
93.7213,1997,4,TGO
131.662,1997,5,TGO
184.087,1997,6,TGO
150.014,1997,7,TGO
155.469,1997,8,TGO
191.123,1997,9,TGO
122.099,1997,10,TGO
22.3217,1997,11,TGO
22.5574,1997,12,TGO
9.76549,1998,1,TGO
23.5798,1998,2,TGO
10.5184,1998,3,TGO
107.285,1998,4,TGO
145.905,1998,5,TGO
133.272,1998,6,TGO
145.567,1998,7,TGO
192.279,1998,8,TGO
191.259,1998,9,TGO
129.295,1998,10,TGO
15.4768,1998,11,TGO
8.98672,1998,12,TGO
12.1968,1999,1,TGO
33.5214,1999,2,TGO
46.8459,1999,3,TGO
121.503,1999,4,TGO
105.004,1999,5,TGO
110.694,1999,6,TGO
234.238,1999,7,TGO
264.465,1999,8,TGO
223.533,1999,9,TGO
146.786,1999,10,TGO
15.7827,1999,11,TGO
0.61855,1999,12,TGO
4.22255,2000,1,TGO
0.59583,2000,2,TGO
45.5664,2000,3,TGO
112.599,2000,4,TGO
91.0501,2000,5,TGO
149.96,2000,6,TGO
180.736,2000,7,TGO
158.005,2000,8,TGO
186.859,2000,9,TGO
74.3339,2000,10,TGO
3.95212,2000,11,TGO
1.87103,2000,12,TGO
11.1828,2001,1,TGO
0.70886,2001,2,TGO
20.2941,2001,3,TGO
101.454,2001,4,TGO
113.829,2001,5,TGO
146.495,2001,6,TGO
129.764,2001,7,TGO
120.743,2001,8,TGO
217.247,2001,9,TGO
39.6176,2001,10,TGO
6.95935,2001,11,TGO
1.91139,2001,12,TGO
13.3391,2002,1,TGO
2.51979,2002,2,TGO
43.36,2002,3,TGO
104.986,2002,4,TGO
123.087,2002,5,TGO
210.994,2002,6,TGO
200.229,2002,7,TGO
204.794,2002,8,TGO
150.632,2002,9,TGO
165.188,2002,10,TGO
17.1784,2002,11,TGO
0.85701,2002,12,TGO
15.9944,2003,1,TGO
15.6383,2003,2,TGO
28.444,2003,3,TGO
110.395,2003,4,TGO
132.542,2003,5,TGO
195.539,2003,6,TGO
172.203,2003,7,TGO
239.72,2003,8,TGO
252.093,2003,9,TGO
104.46,2003,10,TGO
28.5864,2003,11,TGO
5.57074,2003,12,TGO
24.0704,2004,1,TGO
7.96751,2004,2,TGO
19.317,2004,3,TGO
104.17,2004,4,TGO
143.845,2004,5,TGO
120.702,2004,6,TGO
209.435,2004,7,TGO
150.869,2004,8,TGO
188.868,2004,9,TGO
107.97,2004,10,TGO
26.2103,2004,11,TGO
1.17147,2004,12,TGO
0.17083,2005,1,TGO
28.2565,2005,2,TGO
93.7342,2005,3,TGO
86.507,2005,4,TGO
120.828,2005,5,TGO
172.302,2005,6,TGO
215.268,2005,7,TGO
129.522,2005,8,TGO
156.83,2005,9,TGO
91.7729,2005,10,TGO
13.4409,2005,11,TGO
4.4115,2005,12,TGO
13.9129,2006,1,TGO
12.6963,2006,2,TGO
55.1072,2006,3,TGO
66.2721,2006,4,TGO
184.544,2006,5,TGO
124.04,2006,6,TGO
99.1419,2006,7,TGO
180.255,2006,8,TGO
230.594,2006,9,TGO
124.744,2006,10,TGO
13.2634,2006,11,TGO
0.9731,2006,12,TGO
0.02669,2007,1,TGO
6.42189,2007,2,TGO
45.3014,2007,3,TGO
88.9665,2007,4,TGO
176.009,2007,5,TGO
140.335,2007,6,TGO
200.427,2007,7,TGO
238.678,2007,8,TGO
244.976,2007,9,TGO
107.767,2007,10,TGO
26.3295,2007,11,TGO
7.23657,2007,12,TGO
0.92354,2008,1,TGO
7.85654,2008,2,TGO
72.5413,2008,3,TGO
76.2454,2008,4,TGO
128.96,2008,5,TGO
191.075,2008,6,TGO
258.612,2008,7,TGO
269.967,2008,8,TGO
207.265,2008,9,TGO
107.856,2008,10,TGO
27.3724,2008,11,TGO
7.11982,2008,12,TGO
2.6193,2009,1,TGO
21.6022,2009,2,TGO
35.0489,2009,3,TGO
134.529,2009,4,TGO
125.955,2009,5,TGO
172.584,2009,6,TGO
218.842,2009,7,TGO
233.425,2009,8,TGO
158.797,2009,9,TGO
113.026,2009,10,TGO
27.9184,2009,11,TGO
3.73649,2009,12,TGO
9.90092,2010,1,TGO
24.9249,2010,2,TGO
62.2894,2010,3,TGO
99.8695,2010,4,TGO
86.8721,2010,5,TGO
146.86,2010,6,TGO
162.115,2010,7,TGO
256.153,2010,8,TGO
273.337,2010,9,TGO
169.992,2010,10,TGO
41.8766,2010,11,TGO
3.54755,2010,12,TGO
0.23135,2011,1,TGO
39.3934,2011,2,TGO
23.9549,2011,3,TGO
72.6534,2011,4,TGO
100.306,2011,5,TGO
129.16,2011,6,TGO
210.156,2011,7,TGO
178.479,2011,8,TGO
204.839,2011,9,TGO
191.896,2011,10,TGO
4.67347,2011,11,TGO
0.0389,2011,12,TGO
9.38801,2012,1,TGO
46.3686,2012,2,TGO
17.8014,2012,3,TGO
122.9,2012,4,TGO
132.678,2012,5,TGO
202.152,2012,6,TGO
173.264,2012,7,TGO
126.167,2012,8,TGO
210.97,2012,9,TGO
110.711,2012,10,TGO
11.7819,2012,11,TGO
11.7105,2012,12,TGO
10.2909,2013,1,TGO
12.3935,2013,2,TGO
73.1634,2013,3,TGO
162.835,2013,4,TGO
142.624,2013,5,TGO
117.908,2013,6,TGO
115.31,2013,7,TGO
110.331,2013,8,TGO
132.22,2013,9,TGO
111.04,2013,10,TGO
40.0469,2013,11,TGO
18.574,2013,12,TGO
10.3829,2014,1,TGO
19.6084,2014,2,TGO
67.3583,2014,3,TGO
67.3593,2014,4,TGO
137.295,2014,5,TGO
157.025,2014,6,TGO
197.545,2014,7,TGO
143.512,2014,8,TGO
267.403,2014,9,TGO
104.896,2014,10,TGO
39.201,2014,11,TGO
2.81663,2014,12,TGO
1.42569,2015,1,TGO
25.1699,2015,2,TGO
113.707,2015,3,TGO
29.8456,2015,4,TGO
98.8264,2015,5,TGO
124.089,2015,6,TGO
90.995,2015,7,TGO
185.925,2015,8,TGO
185.263,2015,9,TGO
124.277,2015,10,TGO
18.1591,2015,11,TGO
0.55951,2015,12,TGO
325.617,1991,1,TKL
338.414,1991,2,TKL
106.349,1991,3,TKL
301.596,1991,4,TKL
195.632,1991,5,TKL
173.742,1991,6,TKL
264.714,1991,7,TKL
201.346,1991,8,TKL
212.614,1991,9,TKL
162.453,1991,10,TKL
264.089,1991,11,TKL
224.657,1991,12,TKL
242.453,1992,1,TKL
202.317,1992,2,TKL
554.414,1992,3,TKL
168.5,1992,4,TKL
187.942,1992,5,TKL
180.428,1992,6,TKL
329.667,1992,7,TKL
193.932,1992,8,TKL
191.828,1992,9,TKL
301.482,1992,10,TKL
233.192,1992,11,TKL
192.217,1992,12,TKL
213.303,1993,1,TKL
391.103,1993,2,TKL
261.917,1993,3,TKL
167.296,1993,4,TKL
319.114,1993,5,TKL
148.471,1993,6,TKL
363.071,1993,7,TKL
226.632,1993,8,TKL
164.932,1993,9,TKL
225.753,1993,10,TKL
262.625,1993,11,TKL
345.142,1993,12,TKL
333.992,1994,1,TKL
255.089,1994,2,TKL
229.878,1994,3,TKL
210.324,1994,4,TKL
198.039,1994,5,TKL
196.571,1994,6,TKL
244.764,1994,7,TKL
180.407,1994,8,TKL
204.967,1994,9,TKL
85.8214,1994,10,TKL
338.689,1994,11,TKL
332.325,1994,12,TKL
504.935,1995,1,TKL
387.471,1995,2,TKL
213.935,1995,3,TKL
163.528,1995,4,TKL
116.01,1995,5,TKL
313.578,1995,6,TKL
201.121,1995,7,TKL
197.785,1995,8,TKL
192.467,1995,9,TKL
281.639,1995,10,TKL
333.371,1995,11,TKL
451.828,1995,12,TKL
97.9428,1996,1,TKL
247.071,1996,2,TKL
291.714,1996,3,TKL
202.717,1996,4,TKL
170.114,1996,5,TKL
202.925,1996,6,TKL
166.51,1996,7,TKL
181.56,1996,8,TKL
159.171,1996,9,TKL
192.835,1996,10,TKL
233.514,1996,11,TKL
347.339,1996,12,TKL
344.735,1997,1,TKL
268.014,1997,2,TKL
246.985,1997,3,TKL
167.385,1997,4,TKL
169.835,1997,5,TKL
204.392,1997,6,TKL
166.682,1997,7,TKL
182.932,1997,8,TKL
157.907,1997,9,TKL
193.285,1997,10,TKL
233.46,1997,11,TKL
347.682,1997,12,TKL
345.785,1998,1,TKL
268.357,1998,2,TKL
246.107,1998,3,TKL
167.567,1998,4,TKL
171.046,1998,5,TKL
202.721,1998,6,TKL
167.571,1998,7,TKL
182.75,1998,8,TKL
158.678,1998,9,TKL
193.285,1998,10,TKL
233.428,1998,11,TKL
347.285,1998,12,TKL
345.785,1999,1,TKL
268.357,1999,2,TKL
246.107,1999,3,TKL
168.5,1999,4,TKL
170.178,1999,5,TKL
203.535,1999,6,TKL
167.571,1999,7,TKL
182.75,1999,8,TKL
158.678,1999,9,TKL
193.285,1999,10,TKL
233.428,1999,11,TKL
347.285,1999,12,TKL
345.078,2000,1,TKL
268.667,2000,2,TKL
246.578,2000,3,TKL
169.121,2000,4,TKL
170.007,2000,5,TKL
203.182,2000,6,TKL
167.571,2000,7,TKL
182.75,2000,8,TKL
158.678,2000,9,TKL
193.285,2000,10,TKL
233.428,2000,11,TKL
347.285,2000,12,TKL
345.785,2001,1,TKL
268.357,2001,2,TKL
246.107,2001,3,TKL
168.5,2001,4,TKL
170.178,2001,5,TKL
203.535,2001,6,TKL
167.571,2001,7,TKL
182.75,2001,8,TKL
158.678,2001,9,TKL
193.285,2001,10,TKL
233.428,2001,11,TKL
347.285,2001,12,TKL
345.785,2002,1,TKL
268.357,2002,2,TKL
246.107,2002,3,TKL
168.5,2002,4,TKL
170.178,2002,5,TKL
203.535,2002,6,TKL
167.571,2002,7,TKL
182.75,2002,8,TKL
158.678,2002,9,TKL
193.285,2002,10,TKL
233.428,2002,11,TKL
347.285,2002,12,TKL
345.785,2003,1,TKL
268.357,2003,2,TKL
246.107,2003,3,TKL
168.5,2003,4,TKL
170.178,2003,5,TKL
203.535,2003,6,TKL
167.571,2003,7,TKL
182.75,2003,8,TKL
158.678,2003,9,TKL
193.285,2003,10,TKL
233.428,2003,11,TKL
347.285,2003,12,TKL
345.785,2004,1,TKL
268.357,2004,2,TKL
246.107,2004,3,TKL
168.5,2004,4,TKL
170.178,2004,5,TKL
203.535,2004,6,TKL
167.571,2004,7,TKL
182.75,2004,8,TKL
158.678,2004,9,TKL
193.285,2004,10,TKL
233.428,2004,11,TKL
347.285,2004,12,TKL
345.785,2005,1,TKL
268.357,2005,2,TKL
246.107,2005,3,TKL
168.5,2005,4,TKL
170.178,2005,5,TKL
203.535,2005,6,TKL
167.571,2005,7,TKL
182.75,2005,8,TKL
158.678,2005,9,TKL
193.285,2005,10,TKL
233.428,2005,11,TKL
347.285,2005,12,TKL
345.785,2006,1,TKL
268.357,2006,2,TKL
246.107,2006,3,TKL
168.5,2006,4,TKL
170.178,2006,5,TKL
203.535,2006,6,TKL
167.571,2006,7,TKL
182.75,2006,8,TKL
158.678,2006,9,TKL
193.285,2006,10,TKL
233.428,2006,11,TKL
347.285,2006,12,TKL
345.785,2007,1,TKL
268.357,2007,2,TKL
246.107,2007,3,TKL
168.5,2007,4,TKL
170.178,2007,5,TKL
203.535,2007,6,TKL
167.571,2007,7,TKL
182.75,2007,8,TKL
158.678,2007,9,TKL
193.285,2007,10,TKL
233.428,2007,11,TKL
347.285,2007,12,TKL
345.785,2008,1,TKL
268.357,2008,2,TKL
246.107,2008,3,TKL
168.5,2008,4,TKL
170.178,2008,5,TKL
203.535,2008,6,TKL
167.571,2008,7,TKL
182.75,2008,8,TKL
158.678,2008,9,TKL
193.285,2008,10,TKL
233.428,2008,11,TKL
347.285,2008,12,TKL
345.785,2009,1,TKL
268.357,2009,2,TKL
246.107,2009,3,TKL
168.5,2009,4,TKL
170.178,2009,5,TKL
203.535,2009,6,TKL
167.571,2009,7,TKL
182.75,2009,8,TKL
158.678,2009,9,TKL
193.285,2009,10,TKL
233.428,2009,11,TKL
347.285,2009,12,TKL
345.785,2010,1,TKL
268.357,2010,2,TKL
246.107,2010,3,TKL
168.5,2010,4,TKL
170.178,2010,5,TKL
203.535,2010,6,TKL
167.571,2010,7,TKL
182.75,2010,8,TKL
158.678,2010,9,TKL
193.285,2010,10,TKL
233.428,2010,11,TKL
347.285,2010,12,TKL
345.785,2011,1,TKL
268.357,2011,2,TKL
246.107,2011,3,TKL
168.5,2011,4,TKL
170.178,2011,5,TKL
203.535,2011,6,TKL
167.571,2011,7,TKL
182.75,2011,8,TKL
158.678,2011,9,TKL
193.285,2011,10,TKL
233.428,2011,11,TKL
347.285,2011,12,TKL
345.785,2012,1,TKL
268.357,2012,2,TKL
246.107,2012,3,TKL
168.5,2012,4,TKL
170.178,2012,5,TKL
203.535,2012,6,TKL
167.571,2012,7,TKL
182.75,2012,8,TKL
158.678,2012,9,TKL
193.285,2012,10,TKL
233.428,2012,11,TKL
347.285,2012,12,TKL
345.785,2013,1,TKL
268.357,2013,2,TKL
246.107,2013,3,TKL
168.5,2013,4,TKL
170.178,2013,5,TKL
203.535,2013,6,TKL
167.571,2013,7,TKL
182.75,2013,8,TKL
158.678,2013,9,TKL
193.285,2013,10,TKL
233.428,2013,11,TKL
347.285,2013,12,TKL
345.785,2014,1,TKL
268.357,2014,2,TKL
246.107,2014,3,TKL
168.5,2014,4,TKL
170.178,2014,5,TKL
203.535,2014,6,TKL
167.571,2014,7,TKL
182.75,2014,8,TKL
158.678,2014,9,TKL
193.285,2014,10,TKL
233.428,2014,11,TKL
347.285,2014,12,TKL
345.785,2015,1,TKL
268.357,2015,2,TKL
246.107,2015,3,TKL
168.5,2015,4,TKL
170.178,2015,5,TKL
203.535,2015,6,TKL
167.571,2015,7,TKL
182.75,2015,8,TKL
158.678,2015,9,TKL
193.285,2015,10,TKL
233.428,2015,11,TKL
347.285,2015,12,TKL
60.9866,1991,1,TTO
48.22,1991,2,TTO
56.7713,1991,3,TTO
100.024,1991,4,TTO
45.6873,1991,5,TTO
116.075,1991,6,TTO
184.061,1991,7,TTO
290.658,1991,8,TTO
195.57,1991,9,TTO
136.813,1991,10,TTO
221.682,1991,11,TTO
120.696,1991,12,TTO
89.4156,1992,1,TTO
60.7513,1992,2,TTO
12.7522,1992,3,TTO
30.8702,1992,4,TTO
151.017,1992,5,TTO
293.505,1992,6,TTO
182.989,1992,7,TTO
169.486,1992,8,TTO
173.711,1992,9,TTO
112.894,1992,10,TTO
108.604,1992,11,TTO
105.68,1992,12,TTO
83.2221,1993,1,TTO
23.6445,1993,2,TTO
37.0071,1993,3,TTO
24.4311,1993,4,TTO
155.915,1993,5,TTO
176.772,1993,6,TTO
131.57,1993,7,TTO
318.912,1993,8,TTO
177.667,1993,9,TTO
169.987,1993,10,TTO
267.339,1993,11,TTO
153.822,1993,12,TTO
42.2081,1994,1,TTO
38.2219,1994,2,TTO
42.0331,1994,3,TTO
71.2071,1994,4,TTO
69.2284,1994,5,TTO
219.84,1994,6,TTO
190.97,1994,7,TTO
186.211,1994,8,TTO
213.601,1994,9,TTO
194.052,1994,10,TTO
186.4,1994,11,TTO
121.969,1994,12,TTO
31.8037,1995,1,TTO
27.8116,1995,2,TTO
28.5965,1995,3,TTO
48.0699,1995,4,TTO
36.9546,1995,5,TTO
160.826,1995,6,TTO
300.104,1995,7,TTO
280.008,1995,8,TTO
124.805,1995,9,TTO
127.9,1995,10,TTO
124.661,1995,11,TTO
72.5149,1995,12,TTO
64.9362,1996,1,TTO
48.9288,1996,2,TTO
27.6486,1996,3,TTO
37.1663,1996,4,TTO
182.594,1996,5,TTO
262.671,1996,6,TTO
248.577,1996,7,TTO
177.92,1996,8,TTO
166.707,1996,9,TTO
127.723,1996,10,TTO
141.398,1996,11,TTO
118.636,1996,12,TTO
112.643,1997,1,TTO
123.897,1997,2,TTO
38.0526,1997,3,TTO
42.2419,1997,4,TTO
76.8523,1997,5,TTO
208.287,1997,6,TTO
241.191,1997,7,TTO
147.9,1997,8,TTO
109.881,1997,9,TTO
128.656,1997,10,TTO
247.119,1997,11,TTO
76.7925,1997,12,TTO
36.1195,1998,1,TTO
28.001,1998,2,TTO
17.5489,1998,3,TTO
39.8624,1998,4,TTO
212.939,1998,5,TTO
313.802,1998,6,TTO
218.728,1998,7,TTO
172.602,1998,8,TTO
161.495,1998,9,TTO
227.574,1998,10,TTO
141.303,1998,11,TTO
230.794,1998,12,TTO
173.482,1999,1,TTO
58.9137,1999,2,TTO
77.6528,1999,3,TTO
99.3666,1999,4,TTO
20.5075,1999,5,TTO
218.626,1999,6,TTO
160.51,1999,7,TTO
238.691,1999,8,TTO
168.919,1999,9,TTO
214.881,1999,10,TTO
188.327,1999,11,TTO
171.035,1999,12,TTO
84.8783,2000,1,TTO
57.8549,2000,2,TTO
95.1372,2000,3,TTO
118.649,2000,4,TTO
132.398,2000,5,TTO
184.763,2000,6,TTO
163.526,2000,7,TTO
189.175,2000,8,TTO
169.512,2000,9,TTO
161.919,2000,10,TTO
290.759,2000,11,TTO
91.0947,2000,12,TTO
18.096,2001,1,TTO
31.181,2001,2,TTO
19.4787,2001,3,TTO
22.3667,2001,4,TTO
64.9502,2001,5,TTO
176.108,2001,6,TTO
199.152,2001,7,TTO
194.381,2001,8,TTO
110.771,2001,9,TTO
93.7248,2001,10,TTO
112.317,2001,11,TTO
223.101,2001,12,TTO
148.232,2002,1,TTO
29.7857,2002,2,TTO
77.7643,2002,3,TTO
37.8612,2002,4,TTO
170.431,2002,5,TTO
206.881,2002,6,TTO
190.259,2002,7,TTO
132.034,2002,8,TTO
72.5219,2002,9,TTO
155.498,2002,10,TTO
288.902,2002,11,TTO
60.2663,2002,12,TTO
27.4256,2003,1,TTO
43.4121,2003,2,TTO
9.17644,2003,3,TTO
11.9935,2003,4,TTO
67.3703,2003,5,TTO
207.891,2003,6,TTO
157.551,2003,7,TTO
119.306,2003,8,TTO
126.43,2003,9,TTO
112.87,2003,10,TTO
167.724,2003,11,TTO
159.351,2003,12,TTO
41.9358,2004,1,TTO
67.9141,2004,2,TTO
28.1069,2004,3,TTO
169.382,2004,4,TTO
213.524,2004,5,TTO
224.965,2004,6,TTO
158.68,2004,7,TTO
134.483,2004,8,TTO
155.961,2004,9,TTO
159.453,2004,10,TTO
219.209,2004,11,TTO
187.418,2004,12,TTO
232.75,2005,1,TTO
17.0817,2005,2,TTO
54.6029,2005,3,TTO
27.0901,2005,4,TTO
156.245,2005,5,TTO
201.284,2005,6,TTO
280.94,2005,7,TTO
146.257,2005,8,TTO
111.244,2005,9,TTO
174.357,2005,10,TTO
219.918,2005,11,TTO
148.846,2005,12,TTO
227.625,2006,1,TTO
89.3446,2006,2,TTO
100.7,2006,3,TTO
32.1157,2006,4,TTO
49.0447,2006,5,TTO
190.756,2006,6,TTO
264.596,2006,7,TTO
212.447,2006,8,TTO
130.124,2006,9,TTO
214.45,2006,10,TTO
156.087,2006,11,TTO
154.732,2006,12,TTO
72.4541,2007,1,TTO
34.8821,2007,2,TTO
51.526,2007,3,TTO
33.881,2007,4,TTO
49.2758,2007,5,TTO
190.912,2007,6,TTO
154.549,2007,7,TTO
330.08,2007,8,TTO
130.565,2007,9,TTO
191.825,2007,10,TTO
102.654,2007,11,TTO
286.614,2007,12,TTO
84.1293,2008,1,TTO
118.238,2008,2,TTO
54.4892,2008,3,TTO
60.8194,2008,4,TTO
33.3786,2008,5,TTO
186.435,2008,6,TTO
197.744,2008,7,TTO
247.459,2008,8,TTO
154.793,2008,9,TTO
225.354,2008,10,TTO
130.012,2008,11,TTO
103.719,2008,12,TTO
131.805,2009,1,TTO
131.99,2009,2,TTO
35.1206,2009,3,TTO
63.9864,2009,4,TTO
59.9199,2009,5,TTO
106.272,2009,6,TTO
243.772,2009,7,TTO
234.052,2009,8,TTO
101.402,2009,9,TTO
129.884,2009,10,TTO
145.027,2009,11,TTO
73.0846,2009,12,TTO
27.3458,2010,1,TTO
3.94063,2010,2,TTO
7.09475,2010,3,TTO
80.0504,2010,4,TTO
256.956,2010,5,TTO
190.31,2010,6,TTO
213.704,2010,7,TTO
347.17,2010,8,TTO
258.997,2010,9,TTO
120.963,2010,10,TTO
247.063,2010,11,TTO
163.515,2010,12,TTO
171.738,2011,1,TTO
94.9311,2011,2,TTO
53.2983,2011,3,TTO
84.6644,2011,4,TTO
128.11,2011,5,TTO
221.548,2011,6,TTO
217.309,2011,7,TTO
137.544,2011,8,TTO
174.122,2011,9,TTO
215.314,2011,10,TTO
124.937,2011,11,TTO
178.188,2011,12,TTO
121.416,2012,1,TTO
75.7806,2012,2,TTO
147.364,2012,3,TTO
87.1818,2012,4,TTO
203.181,2012,5,TTO
172.985,2012,6,TTO
122.056,2012,7,TTO
156.705,2012,8,TTO
61.9126,2012,9,TTO
130.465,2012,10,TTO
131.369,2012,11,TTO
188.678,2012,12,TTO
86.3628,2013,1,TTO
16.0989,2013,2,TTO
48.647,2013,3,TTO
161.799,2013,4,TTO
129.829,2013,5,TTO
197.818,2013,6,TTO
128.513,2013,7,TTO
141.727,2013,8,TTO
138.76,2013,9,TTO
207.449,2013,10,TTO
218.093,2013,11,TTO
198.445,2013,12,TTO
97.5359,2014,1,TTO
31.8977,2014,2,TTO
17.3615,2014,3,TTO
54.2145,2014,4,TTO
33.4511,2014,5,TTO
111.893,2014,6,TTO
174.021,2014,7,TTO
143.256,2014,8,TTO
99.0968,2014,9,TTO
216.084,2014,10,TTO
262.699,2014,11,TTO
124.8,2014,12,TTO
87.8966,2015,1,TTO
71.1629,2015,2,TTO
39.9223,2015,3,TTO
29.7062,2015,4,TTO
33.2407,2015,5,TTO
175.291,2015,6,TTO
185.006,2015,7,TTO
210.846,2015,8,TTO
61.1436,2015,9,TTO
102.002,2015,10,TTO
133.427,2015,11,TTO
228.152,2015,12,TTO
